episode,junction,avg_reward,avg_queue,avg_wait,avg_pressure,avg_delta_q,avg_delta_w
0,J0_central,-2.7526408039049826,8.3125,34.19810455516709,0.4846250000000009,-0.010498359279609279,-0.0176611278146294
0,JN_north,-8.57115674740599,26.4725,27.643951340327312,1.7648749999999997,-0.011200445862503327,-0.011472649767129466
0,JS_south,-1.0506087333163463,2.7475,8.371497762654007,0.2663750000000001,-0.015277715340215341,-0.024530469028025404
0,JW_west,-4.724320561997987,14.555,40.43603894682183,0.8690000000000011,-0.010323020160975013,-0.012254371316946667
0,JE_east,-1.1275300888228863,3.0525,5.072105731074483,0.2831249999999996,-0.014577322391660623,-0.016479629152683414
1,J0_central,-2.6578170233096245,8.065,45.23684869297367,0.44024999999999914,-0.009857455044955044,-0.01481780792767061
1,JN_north,-9.159542863425367,28.415,34.14916310375299,1.7727500000000047,-0.011157429153119666,-0.01385790378492961
1,JS_south,-1.0038927751168183,2.6125,8.28184275446775,0.24862499999999965,-0.01559589715839716,-0.023930439617461823
1,JW_west,-4.205540396448468,12.895,35.91337057674935,0.8139999999999994,-0.010099584612141818,-0.011313781648923927
1,JE_east,-0.713718540441161,1.715,2.550295912420912,0.19550000000000015,-0.017785353535353536,-0.015963431337241523
2,J0_central,-2.2206222033400906,6.6575,44.45803003246741,0.3683749999999995,-0.010396735209235208,-0.01583956087977956
2,JN_north,-9.079215724294448,28.2375,38.186450647429794,1.69037500000001,-0.010648170091089213,-0.01340945171026334
2,JS_south,-1.4287154602196415,3.9725,9.867370192307693,0.31012500000000004,-0.014388555888555888,-0.025595855179197366
2,JW_west,-4.430373346473088,13.62,39.33320996084648,0.8425,-0.009848828027501135,-0.010792867958556315
2,JE_east,-1.8759999554199314,5.2425,8.04112301566898,0.39662499999999995,-0.023508257061565868,-0.022963849846815477
3,J0_central,-2.3095313543277762,6.8825,35.46543967143973,0.39862499999999906,-0.010856421356421352,-0.020354121926955435
3,JN_north,-8.308000315833523,25.6125,31.144897889363868,1.7291249999999976,-0.013708253798481918,-0.007629352064138428
3,JS_south,-1.190164975825334,3.06,8.508499528249532,0.27900000000000014,-0.021696699134199134,-0.02913431872074803
3,JW_west,-2.6119957831705114,7.8175,30.706697287911354,0.538875,-0.011660416921698719,-0.012534177924588035
3,JE_east,-0.6146346876995952,1.4725,3.449632561882562,0.18312500000000068,-0.013341637529137527,-0.014763078670531934
4,J0_central,-2.434024329347,7.35,40.83980068542584,0.3994999999999999,-0.009409840159840158,-0.014942466511765269
4,JN_north,-8.934709006424297,27.7225,34.61737192366971,1.7218750000000016,-0.011044545279089902,-0.013677049854586128
4,JS_south,-1.1464037175612716,2.935,9.267597866798237,0.26824999999999954,-0.020594409063159073,-0.03181849596289857
4,JW_west,-4.440201113427332,13.65,41.7965833528292,0.8297500000000002,-0.010303074333368007,-0.012970530720405415
4,JE_east,-1.7433030559450808,4.8075,8.08163475841969,0.3741250000000002,-0.022538362372921186,-0.02865203188039783
5,J0_central,-3.0239459845716334,9.13,35.55182718501606,0.5284999999999995,-0.011441315371075433,-0.019013766714663385
5,JN_north,-7.830183151992305,24.06,29.129595514807846,1.6809999999999963,-0.012135616934253735,-0.012161218289444543
5,JS_south,-1.4011408066895361,3.795,6.366434664804144,0.3412499999999998,-0.016911980122990188,-0.026411637666218173
5,JW_west,-3.612532047564627,10.9675,32.707157977174106,0.7303750000000002,-0.010839752786772912,-0.013044076444307948
5,JE_east,-1.679395961593687,4.6325,5.778510694779077,0.37862499999999977,-0.022436398729839116,-0.02049691860117011
6,J0_central,-2.3961279450428377,7.2125,45.41488603757348,0.40637500000000015,-0.010358835608835609,-0.015334785822169107
6,JN_north,-8.669378915971471,26.875,31.965653102681046,1.7402499999999983,-0.009484077709550603,-0.00833292810302305
6,JS_south,-1.1897416384563042,3.045,5.571995497557997,0.28850000000000003,-0.02188055694305694,-0.029785591261674717
6,JW_west,-2.146604822242552,6.3525,23.999712630485252,0.44287499999999974,-0.011392532100252685,-0.015155995261808339
6,JE_east,-1.27627045225679,3.5475,7.219151116448916,0.28587500000000043,-0.013246223955782772,-0.019654580630103745
7,J0_central,-2.8236973365609215,8.51,42.99771806135029,0.4800000000000005,-0.01194467093364152,-0.015873906644087447
7,JN_north,-7.329699774114593,22.28,21.48096965733264,1.6712500000000048,-0.01769025137410141,-0.015992087688401227
7,JS_south,-1.1590376663641322,2.9575,9.343831703019202,0.2643749999999997,-0.021047265234765238,-0.03167474916151197
7,JW_west,-4.118634672453574,12.6,37.09521181644567,0.8112499999999996,-0.00981212505229449,-0.011154852662409844
7,JE_east,-1.3436337063026866,3.5825,6.040490326666796,0.2948749999999998,-0.02190269554791613,-0.023509193347911767
8,J0_central,-2.2658572226390463,6.7775,42.3176942155067,0.37787500000000057,-0.01052011877011877,-0.01714169115235828
8,JN_north,-8.734535607246741,27.0775,32.48687862204501,1.7458750000000007,-0.00993713175335199,-0.008398605469872186
8,JS_south,-1.5426966847354153,4.18,9.091929265179267,0.34149999999999975,-0.0221204698079698,-0.027302049077664786
8,JW_west,-2.528441358845449,7.555,27.789531701206414,0.5162500000000004,-0.01169554725030731,-0.013774192526838164
8,JE_east,-0.5806569913090488,1.235,0.9409048937173943,0.1700000000000001,-0.020968344155844157,-0.0166375164947951
9,J0_central,-2.2423567061431573,6.71,44.50735055916302,0.3667499999999994,-0.01004680735930736,-0.020561527467193145
9,JN_north,-8.977351117635019,27.865,34.84189247253609,1.7170000000000019,-0.011014526498820254,-0.013792435211153788
9,JS_south,-1.2205413416353215,3.175,9.850319902319889,0.2710000000000007,-0.02087067099567099,-0.031147185969176393
9,JW_west,-4.303823255166201,13.205,33.85215552835558,0.8049999999999996,-0.010498159701606976,-0.014119420969775172
9,JE_east,-0.8404928011590544,2.195,4.521928952991458,0.21474999999999994,-0.013565871628371626,-0.014822414149291552
10,J0_central,-2.529433028179367,7.63,44.89907839382841,0.4307500000000011,-0.009487193362193364,-0.017881434177834162
10,JN_north,-8.88103080948572,27.5875,33.34374718690698,1.7331250000000085,-0.00944436906240907,-0.009323538724643138
10,JS_south,-0.9452359217175353,2.335,10.140125000000006,0.20525000000000004,-0.018516865079365077,-0.03580110479816151
10,JW_west,-4.762101480788673,14.68,42.221491038970605,0.8727499999999988,-0.010411678420103418,-0.01262185098188533
10,JE_east,-1.4922820957773282,4.17,6.584015878525076,0.33800000000000024,-0.017645473463584912,-0.016340170867508712
11,J0_central,-2.4980340558003307,7.54,43.75161026473531,0.41624999999999984,-0.011035922410922407,-0.015702854476359957
11,JN_north,-8.364707774042746,25.84,30.807496124906702,1.7182499999999974,-0.01167227486384122,-0.008399777450846501
11,JS_south,-0.8967038923021655,2.17,8.467062409812412,0.21374999999999922,-0.016439484126984136,-0.03865481342270065
11,JW_west,-3.6798299602392417,11.235,33.8814608162357,0.7360000000000002,-0.009223383012625343,-0.01017060017713436
11,JE_east,-0.9503816437619037,2.58,3.9411395767222968,0.2447499999999998,-0.011812327582548165,-0.010911580513660354
12,J0_central,-2.9509867868776554,8.9475,40.503828542984834,0.4961249999999998,-0.0112095578033078,-0.016300970932562928
12,JN_north,-8.956022433570814,27.7375,33.18604052786373,1.7568749999999986,-0.011418315323528114,-0.014099620673278473
12,JS_south,-1.3187639825818065,3.4025,8.679881309662568,0.29437499999999966,-0.02410520668057433,-0.03337816678615967
12,JW_west,-4.306637480380075,13.2,37.692163987203024,0.8350000000000002,-0.010181147298219517,-0.011406314141180705
12,JE_east,-1.0418472381225268,2.81,6.893668306162792,0.24874999999999933,-0.012794442689663265,-0.01891545453379852
13,J0_central,-3.397337418932371,10.34,46.78185897435888,0.5797500000000003,-0.011227836501733559,-0.014640653035007431
13,JN_north,-6.325303881679451,19.1,18.501907167899947,1.4667500000000018,-0.01962502643019465,-0.017349038262506125
13,JS_south,-1.3426150588509904,3.6875,7.61306577797203,0.3066249999999996,-0.015308333414951063,-0.022690109386384272
13,JW_west,-2.529992200633311,7.5475,27.458592710984814,0.5051249999999999,-0.012015510729810257,-0.015835736990396577
13,JE_east,-1.6533977349227091,4.5075,6.031449862637357,0.36662499999999976,-0.025034990132416602,-0.0217648056285797
14,J0_central,-2.6776510682844528,7.9875,42.23425690628823,0.4468750000000002,-0.013702694568503393,-0.02394441558835592
14,JN_north,-8.072209026947174,24.8575,29.640031010810556,1.7066250000000007,-0.011398289830707667,-0.009287344328315074
14,JS_south,-1.3252800899799826,3.495,8.157155448717944,0.29400000000000015,-0.02034815184815185,-0.029716970801108755
14,JW_west,-3.6926719970791737,11.2575,37.08435116290544,0.7088750000000007,-0.010451636302138556,-0.011547963215735188
14,JE_east,-0.5692190778709163,1.18,3.340563949938952,0.12825000000000006,-0.01967445054945055,-0.025483217993328252
15,J0_central,-3.0709970552066124,9.31,51.179176150034706,0.5362499999999982,-0.011401967109687699,-0.013261886428484065
15,JN_north,-7.741470583134307,23.9,31.845483806846623,1.502750000000002,-0.013516765536034163,-0.015128910617381076
15,JS_south,-1.1141564388436185,2.8775,8.330754509379512,0.25987499999999986,-0.018710026085026085,-0.028294937099557358
15,JW_west,-2.6727302563571276,8.015,32.96263089602876,0.5437499999999998,-0.011499198717948718,-0.012402664274005049
15,JE_east,-1.0915879576755176,2.7575,6.298200410496367,0.2373749999999999,-0.023450903263403263,-0.0265335035695629
16,J0_central,-2.7501512254446627,8.345,39.04122072372083,0.4615000000000004,-0.009736172528451941,-0.016502879205648965
16,JN_north,-8.596720461606452,26.5725,28.17464481759012,1.7546250000000023,-0.011185503873858573,-0.011591548590131171
16,JS_south,-1.494028195011968,4.085,10.08419861388612,0.3249999999999998,-0.01887189893439893,-0.028598177641534196
16,JW_west,-3.7541382907984175,11.46,32.162855262784134,0.7545000000000003,-0.009736619591708602,-0.010816423891484928
16,JE_east,-1.4395331596423389,4.09,6.2406240291571144,0.3299999999999996,-0.013235186382245197,-0.013942441337105782
17,J0_central,-2.4370688625489647,7.3175,42.965517777361484,0.41662499999999947,-0.011377678897899484,-0.015114728140331914
17,JN_north,-8.132414035046803,24.9825,27.799667773821604,1.7211249999999978,-0.014429303548856248,-0.013212329753364704
17,JS_south,-0.9248981707750937,2.15,5.183739149739146,0.22974999999999934,-0.024274801587301595,-0.03342190252139387
17,JW_west,-3.181999791711852,9.65,30.965599412015163,0.6529999999999998,-0.008410355983885396,-0.013146326998313725
17,JE_east,-0.8441521379498829,2.2275,4.11124938949939,0.22037499999999968,-0.012312562437562437,-0.012735733983136644
18,J0_central,-2.8994082151350007,8.73,36.51644655915978,0.4947500000000008,-0.010950081168831172,-0.022071688528140326
18,JN_north,-8.582392423440496,26.5825,33.38145585418226,1.6981250000000083,-0.010009138361901067,-0.013129534646661754
18,JS_south,-1.3006579165526437,3.395,10.115802676490175,0.29074999999999984,-0.021565413752913754,-0.032602842725207234
18,JW_west,-2.384161766578529,7.125,30.91966555737434,0.4832500000000001,-0.01092781524031524,-0.012573764019645424
18,JE_east,-1.3435313904210113,3.5175,9.229150342712854,0.28487499999999966,-0.02367649711399712,-0.03126812125668218
19,J0_central,-2.7468378583536732,8.23,40.89041416222662,0.4617499999999989,-0.01192709373959374,-0.023784261735371248
19,JN_north,-8.947442734895306,27.7275,36.12624175724676,1.7153750000000005,-0.012341960649033656,-0.014508122085475339
19,JS_south,-1.5133960895322704,4.0975,9.291256854256856,0.3323749999999999,-0.021330655455655458,-0.026963062387403102
19,JW_west,-4.457605182696182,13.6825,35.56986350287058,0.8526250000000001,-0.010028098560711882,-0.011536501206716662
19,JE_east,-0.7497101500758852,1.7175,6.838051053113542,0.160375,-0.020517017704517703,-0.029954187037054547
20,J0_central,-2.8803878596518366,8.7275,46.02491330768908,0.47812500000000135,-0.010869423264643853,-0.01799926773996248
20,JN_north,-8.380308207295174,25.9375,32.20210105531959,1.6928749999999895,-0.00927896524027535,-0.011531017282252398
20,JS_south,-1.1147129427028106,2.84,7.824714590964587,0.24974999999999978,-0.019012473637473642,-0.035493363993077884
20,JW_west,-4.492834388974638,13.7825,34.62953634586226,0.8361250000000001,-0.01132844339554432,-0.014432912733815003
20,JE_east,-1.4622156344085715,4.0625,5.25359743708089,0.35037500000000016,-0.017089533424092238,-0.015583310379411621
21,J0_central,-2.778906193803346,8.2875,30.473890937901928,0.5111249999999997,-0.012153434392404981,-0.023052836683897016
21,JN_north,-8.094542643525154,24.855,24.615762915578188,1.7204999999999995,-0.013669166299470818,-0.01461997162149718
21,JS_south,-1.662901023760505,4.6175,7.723328120394525,0.39012500000000006,-0.018968919782618627,-0.02073102803130175
21,JW_west,-3.261189780072734,9.895,30.39336523650068,0.6640000000000001,-0.009283102056612116,-0.011383700502431865
21,JE_east,-2.0425550637474963,5.7525,7.75309035628114,0.4441249999999999,-0.022970508808357097,-0.022204075460450615
22,J0_central,-1.9886365207251007,5.83,45.766862554112656,0.3269999999999992,-0.012203102453102452,-0.024776266252357383
22,JN_north,-8.953204187523083,27.825,35.14912918191802,1.6880000000000084,-0.010316251477993206,-0.01165836261345987
22,JS_south,-1.0542251416958748,2.6575,6.358915612165613,0.2613749999999998,-0.018098304473304475,-0.03183245721157453
22,JW_west,-2.459229878813106,7.3375,25.744700993655037,0.4986250000000002,-0.010919154020643956,-0.01469520190184027
22,JE_east,-1.466191961743577,3.94,6.88964630569594,0.31625,-0.02260324193780075,-0.025947273574184578
23,J0_central,-2.4674228818933477,7.4425,39.31850078393825,0.4166249999999998,-0.009732510545010547,-0.015162624370577322
23,JN_north,-9.081364670994647,28.1675,33.849154492181725,1.7623749999999945,-0.011132692983743411,-0.013636842492952352
23,JS_south,-1.2038795920495582,3.1575,9.834875090187602,0.268375,-0.018700105450105454,-0.031575771854504865
23,JW_west,-3.3321641377485753,10.1125,31.08218911181142,0.6818749999999999,-0.010133380250640317,-0.01185985770267593
23,JE_east,-1.3812743397313858,3.74,3.6823116228134616,0.3335,-0.02142898216979099,-0.016307203896204662
24,J0_central,-3.202038306786296,9.715,35.33226089066156,0.5795000000000006,-0.010335545130823767,-0.014687031038248175
24,JN_north,-6.623900937790844,19.975,18.166696636678033,1.6462499999999993,-0.018807451872267174,-0.011408794083931055
24,JS_south,-1.0898766932759467,2.8075,8.427517288267309,0.2641249999999999,-0.017535291097791103,-0.03002082376267208
24,JW_west,-2.5166770768434024,7.55,24.100924289719572,0.5527499999999997,-0.0073796676642071376,-0.014141324130359954
24,JE_east,-1.6036936446294516,4.4,8.360428156606458,0.3382499999999999,-0.02155062747709806,-0.026897208491157114
25,J0_central,-3.3771415096442765,10.265,47.138769641349334,0.5884999999999995,-0.011578013586430767,-0.013630530468788761
25,JN_north,-6.642727682250906,20.2,24.836536780000678,1.461000000000003,-0.018227396963470806,-0.015067335130346962
25,JS_south,-1.1312702796472067,2.85,9.03374819298348,0.25750000000000073,-0.022208992396492398,-0.03240964524594154
25,JW_west,-4.175012629755345,12.8075,37.96833561130054,0.8028750000000001,-0.009384698815116775,-0.010910304253449075
25,JE_east,-1.3089709515821935,3.47,6.441044538794542,0.28699999999999987,-0.0220596733740116,-0.024208278769637052
26,J0_central,-3.159512310624872,9.605,37.6941922474992,0.539250000000002,-0.010564179692856166,-0.01681066582651931
26,JN_north,-7.694280239080597,23.565,27.705277323060145,1.6442499999999938,-0.015012845969040258,-0.01765632492484324
26,JS_south,-1.0385905279973704,2.6125,5.436385773948274,0.25712500000000044,-0.019982711732711742,-0.028330554974050005
26,JW_west,-2.5058443229561163,7.485,30.387385970851042,0.5422499999999999,-0.011125000000000003,-0.010457981785202122
26,JE_east,-0.8745943950521676,2.28,6.382659625097126,0.21349999999999913,-0.013469603313353309,-0.019034009549845674
27,J0_central,-3.4472880404381656,10.5125,44.56915211871465,0.5811250000000029,-0.01081562085790027,-0.017269861228622268
27,JN_north,-7.7285150358053984,23.86,30.76088502100806,1.5585000000000035,-0.012219843962988584,-0.010117287137326413
27,JS_south,-0.8850820616229926,2.13,6.54489563214563,0.21849999999999997,-0.01820337301587302,-0.03394197741391403
27,JW_west,-1.58521417535177,4.62,20.07527259546009,0.3505000000000006,-0.008831439393939391,-0.014137868333137354
27,JE_east,-1.68492135090155,4.6625,6.649563557969803,0.3696249999999999,-0.021910771010035704,-0.022049377067786327
28,J0_central,-2.6301261545343055,7.895,36.48471335608839,0.4665000000000007,-0.010377074314574318,-0.02048662039346534
28,JN_north,-7.984902575045732,24.515,25.727870857291816,1.755250000000001,-0.01190764524570226,-0.011767600094035493
28,JS_south,-1.2576756054081917,3.415,6.393008893883895,0.31825000000000025,-0.015069721944721948,-0.020798923527716718
28,JW_west,-4.175910378837319,12.7975,40.000912929598,0.789875,-0.010532626970989532,-0.013140297676610855
28,JE_east,-1.0822384593383454,2.7825,7.365617334054825,0.23012499999999977,-0.020125090187590185,-0.028535679885622837
29,J0_central,-3.3112650903408714,10.0,40.81940545892024,0.5612499999999991,-0.013129945830313475,-0.02225311757636578
29,JN_north,-7.459893640543643,23.0,30.091474894118456,1.5117500000000001,-0.012116572469941371,-0.009762943266658483
29,JS_south,-1.0400063872380627,2.58,6.3042914238539245,0.26225000000000004,-0.020937590187590192,-0.028191772319742216
29,JW_west,-3.683342097098821,11.22,35.433432368247495,0.7279999999999993,-0.009334147502954714,-0.013005733961710356
29,JE_east,-1.3906124155592199,3.665,9.533534217824654,0.2849999999999996,-0.023079941912662504,-0.031976407167640435
30,J0_central,-3.3954175791398473,10.3575,45.01524533595493,0.5753749999999992,-0.011215811965811966,-0.015837366713464508
30,JN_north,-7.709519715383607,23.7475,32.619967049436255,1.514624999999997,-0.015189741542386948,-0.01625094187002458
30,JS_south,-0.9276841418140019,2.29,7.242533612221112,0.23699999999999977,-0.01807131757131757,-0.02839796501289539
30,JW_west,-1.9685904375992778,5.8,19.981707330455457,0.4174999999999994,-0.010210532523032521,-0.01492807552624536
30,JE_east,-0.7077177688901715,1.7725,5.057820075757577,0.19337499999999938,-0.012130980130980122,-0.017434372151823647
31,J0_central,-2.625371801387082,7.9075,53.77074230329792,0.4486249999999981,-0.011200084229495992,-0.012678551848018534
31,JN_north,-7.443409005477988,22.5975,19.85218337715266,1.6918749999999951,-0.01957392279410311,-0.01816336152424023
31,JS_south,-1.0119918697876638,2.5025,7.606298611111116,0.22562499999999996,-0.021069444444444443,-0.032903489553225446
31,JW_west,-4.19518095514989,12.835,32.402775089512055,0.8130000000000003,-0.010525829151362765,-0.01287582046704051
31,JE_east,-1.2190550558289361,3.1875,4.850469277250527,0.2823749999999999,-0.02318435669722434,-0.019885301941911192
32,J0_central,-3.1294376516160174,9.4625,37.08171366827612,0.5668750000000022,-0.01111361636729284,-0.016382668527725838
32,JN_north,-6.434692741247943,19.4525,16.71815769964098,1.5746250000000006,-0.015463562252359883,-0.013505098625779028
32,JS_south,-2.9108791677893247,8.5575,11.636227584649891,0.6248749999999998,-0.01713444697882122,-0.024133600080316377
32,JW_west,-5.1321864978657326,15.8325,39.47343858583241,0.9421250000000011,-0.01047698883945962,-0.012593410466924644
32,JE_east,-1.4591498544824462,3.9475,5.919780302632956,0.32537499999999986,-0.021508467377565666,-0.023758892430016512
33,J0_central,-2.465596299939315,7.5,49.570348581973676,0.4219999999999993,-0.007638826451326452,-0.011412908647780386
33,JN_north,-9.045793145259555,28.125,36.360003452653494,1.7037500000000088,-0.010945624366813615,-0.013581185261417
33,JS_south,-0.8169464782344252,1.9425,7.915497023809519,0.1973749999999996,-0.02029761904761905,-0.02910911504683893
33,JW_west,-1.535509485616592,4.4225,19.379559163059163,0.36537500000000045,-0.010847527472527476,-0.014815847675650775
33,JE_east,-1.5426742235822202,4.405,7.084686729850818,0.33924999999999955,-0.013861929887278177,-0.017405960621589285
34,J0_central,-3.711958932865433,11.3225,43.35114547327028,0.6551249999999981,-0.010974438497948553,-0.01582041990474166
34,JN_north,-6.6713427162862455,20.335,25.716926360423848,1.4732500000000015,-0.016326385459344846,-0.012643455996807778
34,JS_south,-1.4804243998062063,3.83,4.908034402141118,0.3594999999999996,-0.027705787773028484,-0.03154829197258377
34,JW_west,-3.084312435085544,9.315,34.52249305645718,0.5882499999999996,-0.01257034218576401,-0.014268423580413591
34,JE_east,-0.5290194268289529,1.2975,7.028624999999993,0.12287499999999976,-0.0077142857142857135,-0.02119331063081327
35,J0_central,-3.3866606947431586,10.2725,47.84305024815863,0.5763749999999992,-0.01321930948953008,-0.017125141804975815
35,JN_north,-7.487966366588559,22.8725,23.794979966716983,1.5763749999999974,-0.018293245485179587,-0.0176995100918003
35,JS_south,-1.1812937644254957,3.0125,8.463835457842823,0.2743750000000001,-0.02085407505076623,-0.03226113509630284
35,JW_west,-2.7537637945856592,8.245,29.32751644323383,0.5549999999999999,-0.01133701689177695,-0.015320045573857204
35,JE_east,-0.3377015653510342,0.6225,3.6876650432900417,0.09662500000000016,-0.01281838994338994,-0.01571674832751201
36,J0_central,-2.9883679279758777,9.0275,38.9816215225693,0.5236250000000002,-0.010867287070944191,-0.01755602619426109
36,JN_north,-8.011901468741572,24.6275,26.4995672790812,1.6978749999999971,-0.012999593363479854,-0.013778213891144283
36,JS_south,-0.9404841690433616,2.3775,7.2566211219336205,0.2356250000000003,-0.015536345598845602,-0.02856518345362294
36,JW_west,-1.6185992283499204,4.5475,16.18536318542567,0.36137499999999956,-0.016748945498945497,-0.020228713356652692
36,JE_east,-0.6556562386693627,1.42,1.7972011460761468,0.18525000000000003,-0.021878996003996,-0.021475842253746977
37,J0_central,-2.313089000350017,6.8875,35.82153108003106,0.40287500000000015,-0.01114822677322677,-0.01951674330497576
37,JN_north,-8.166176809198813,25.1,28.088875740484156,1.7187500000000018,-0.014541026688444161,-0.012775111105072545
37,JS_south,-1.068630047897438,2.585,7.220238372738367,0.25425000000000003,-0.026595238095238095,-0.03079120193739797
37,JW_west,-3.632192529450521,11.0725,34.23237692714774,0.7098750000000003,-0.0093637251229163,-0.014182475144740764
37,JE_east,-1.0851039459183691,2.9625,8.932889880952375,0.22337500000000005,-0.01190376984126984,-0.023763071582783832
38,J0_central,-3.128599944895576,9.3625,32.70488798528402,0.5836250000000006,-0.014848006310854605,-0.018139502411195135
38,JN_north,-6.731822237746404,20.4275,19.947450035495333,1.514625,-0.01741886211693119,-0.01619720727001871
38,JS_south,-1.1508964944937523,2.755,4.847255715098886,0.30474999999999997,-0.02829608687880746,-0.03089752373900302
38,JW_west,-3.373495636247465,10.205,31.32767613846852,0.6724999999999994,-0.009862770195490783,-0.015617886324152109
38,JE_east,-0.4343559177736399,0.9325,0.47218130480630477,0.16237500000000007,-0.012909097846597845,-0.005825957959470567
39,J0_central,-3.115822613148327,9.3475,40.87297701236665,0.5263750000000004,-0.013393768619581314,-0.025559862786848145
39,JN_north,-4.567176434886228,13.39,11.015447488864101,1.251000000000001,-0.023425299798157953,-0.015481199328137872
39,JS_south,-0.9624564817830605,2.43,6.875409840159842,0.25099999999999995,-0.01638462925962926,-0.02472289912287568
39,JW_west,-1.9208471255349437,5.615,22.594349802974815,0.40299999999999936,-0.01069744838494838,-0.01758617318551975
39,JE_east,-0.7048535520612286,1.61,1.2790232753357749,0.20499999999999996,-0.020635711510711516,-0.015193728634254104
40,J0_central,-2.971316446737019,8.92,26.029253538117896,0.5469999999999996,-0.012452529045601799,-0.018652755427526257
40,JN_north,-7.002246186553831,21.19,21.545621565240435,1.6992500000000015,-0.01728548578578967,-0.012069349766839807
40,JS_south,-1.1064490612123818,2.7525,6.720886816743623,0.27362500000000006,-0.0228444621146827,-0.029742096273882482
40,JW_west,-1.6555687029139579,4.7525,17.38951502398745,0.3628750000000003,-0.012705323883632708,-0.016262262702295294
40,JE_east,-0.6510945877871294,1.5825,8.274797619047614,0.14412500000000034,-0.010461309523809524,-0.027947741038439187
41,J0_central,-2.679712999666652,8.02,27.592912148105174,0.5039999999999994,-0.011942310548928197,-0.020362424528774254
41,JN_north,-7.832067501045026,23.95,21.287886229662067,1.7729999999999944,-0.014362946751465216,-0.009734073094923124
41,JS_south,-1.1798099905044803,3.215,8.955201785336278,0.30775000000000063,-0.011972276916839601,-0.019619492411213114
41,JW_west,-2.145957392279902,6.4425,30.359244177391204,0.4593749999999998,-0.005376950867759685,-0.01231275842162319
41,JE_east,-0.5892219792519453,1.4325,1.419177152708403,0.16812499999999994,-0.012441021192859437,-0.011472376094895723
42,J0_central,-3.271150203649964,9.8425,30.066178645292613,0.6096250000000005,-0.013681742535070707,-0.01954261321902037
42,JN_north,-4.796266266733628,14.225,16.361961127932226,1.301250000000003,-0.0170596698000591,-0.012864716331593364
42,JS_south,-1.3879300578422658,3.76,7.0543483448740885,0.3524999999999995,-0.01722759879009879,-0.020339289410816933
42,JW_west,-3.6833169730651463,11.2,30.57221141174268,0.728750000000001,-0.009833593816314408,-0.014080259456717209
42,JE_east,-0.33218100343935963,0.565,4.247569715007214,0.12325000000000015,-0.011916666666666666,-0.019379592517942256
43,J0_central,-3.053484587829493,9.2225,35.96012288222409,0.5416249999999995,-0.01202667920314979,-0.013610842716087779
43,JN_north,-7.474951186869827,22.825,22.847085895174516,1.7064999999999957,-0.013448813240443232,-0.012101881130656966
43,JS_south,-0.777932957694341,1.71,4.4702767857142875,0.20699999999999988,-0.022103805916305928,-0.034130284853255644
43,JW_west,-1.9202991415905604,5.6175,23.1243158993784,0.42137500000000044,-0.010901098901098898,-0.01503889433938307
43,JE_east,-1.5256906931027407,4.035,6.990617576867567,0.3350000000000001,-0.0273302947052947,-0.026992930584984278
44,J0_central,-2.298723739119598,6.8325,38.307340583028015,0.4071250000000003,-0.011139485514485513,-0.02086719336504521
44,JN_north,-8.785121432913792,27.21,37.83746088201423,1.726499999999995,-0.011129784601077426,-0.013121769439714506
44,JS_south,-1.4984003811328734,4.2425,7.6577581572409406,0.3388749999999998,-0.013093650426371013,-0.018120328986023983
44,JW_west,-5.084452448583805,15.6525,36.25223221857687,0.9673749999999999,-0.010590728586676297,-0.011628667310726879
44,JE_east,-1.7425854735133068,4.7775,6.118776591657403,0.40262499999999934,-0.02399468602003431,-0.023147786192083335
45,J0_central,-2.9603294624716012,8.9075,34.551340189125916,0.5633750000000011,-0.011148020484417544,-0.015182513315456442
45,JN_north,-7.007137452731697,21.34,28.189455046618015,1.5382499999999972,-0.01804487289078305,-0.015571023654471614
45,JS_south,-1.4754587905704304,3.9275,5.411976797024786,0.3938749999999995,-0.02166530951418721,-0.02421185101533063
45,JW_west,-2.745956860508689,8.2225,25.50378969657579,0.5646250000000006,-0.011359803391053384,-0.015362151292293534
45,JE_east,-0.7044775418100826,1.76,2.225195290820291,0.21075000000000021,-0.014853681041181037,-0.008344047817671237
46,J0_central,-2.8671730968801796,8.55,35.06585396996796,0.5197500000000004,-0.014425554021142262,-0.023844312755190052
46,JN_north,-7.400507427688291,22.6725,22.31776477938661,1.5473749999999982,-0.014502401396958487,-0.016590906330606635
46,JS_south,-1.2125889826945626,3.105,5.876931671806865,0.3327500000000001,-0.018751207126207127,-0.029328419510622327
46,JW_west,-1.6762540477604844,4.78,15.601943991659343,0.35799999999999976,-0.013401460671681256,-0.01949781817989731
46,JE_east,-0.232563065876315,0.43,2.25375,0.07624999999999992,-0.006208333333333332,-0.010397645583681841
47,J0_central,-3.44251752297397,10.4225,36.18640931209318,0.608875000000001,-0.013319604221887504,-0.017402136771876034
47,JN_north,-6.628288717917721,20.0975,21.33231856092548,1.500124999999999,-0.018630528750823022,-0.014604682859916906
47,JS_south,-0.9963832761512006,2.5375,8.149548638861141,0.23437500000000008,-0.01577649433899434,-0.02964954800622713
47,JW_west,-1.821129767273067,5.3025,17.27473480563555,0.3866250000000001,-0.010594208895679486,-0.017391007175447604
47,JE_east,-0.9759967860796632,2.4875,5.0270838744588735,0.23337499999999992,-0.018404224656062885,-0.02053697717778732
48,J0_central,-3.3342905224412207,10.04,42.355292973774574,0.5884999999999992,-0.012701760045510045,-0.02422921890583112
48,JN_north,-5.571700231895746,16.6525,19.27084394002923,1.3646249999999995,-0.021243161753555482,-0.017471701518474755
48,JS_south,-1.2708436287849292,3.315,6.607034431459063,0.33124999999999977,-0.019445631778352353,-0.027168474901074123
48,JW_west,-3.093850569832297,9.3075,31.608135831335648,0.6456249999999999,-0.011514754322474905,-0.012467889064452337
48,JE_east,-1.6651035924047515,4.705,10.165121801809308,0.3529999999999998,-0.015343020949638592,-0.022792483782769615
49,J0_central,-2.6200409406111267,7.8275,39.31226684875578,0.45087499999999986,-0.011155829260608673,-0.025691875628400012
49,JN_north,-7.861528210336352,24.1325,28.861061169906947,1.6841249999999912,-0.014024054980098876,-0.012054388457318512
49,JS_south,-0.8408498869509821,2.065,7.864178571428571,0.2165000000000004,-0.015819444444444445,-0.027495503103771027
49,JW_west,-1.758672432135236,4.975,13.420504221548153,0.37999999999999984,-0.016276828359548946,-0.024238315908137166
49,JE_east,-0.828553609279011,2.1575,3.4316026832644484,0.2223749999999999,-0.012610758318478903,-0.014612829582700649
50,J0_central,-2.064103516574807,6.0775,28.468447018259422,0.38112500000000027,-0.009842532467532469,-0.022912089081938355
50,JN_north,-8.908922190526761,27.6275,34.93398924709333,1.7333750000000014,-0.010938855507553285,-0.013140174026960634
50,JS_south,-0.9559855051531332,2.4075,7.934274961149968,0.24312499999999967,-0.017804091741591744,-0.026046240755055253
50,JW_west,-2.6578225800620987,7.94,22.87466313026714,0.5609999999999996,-0.011568408715467531,-0.014997735774847452
50,JE_east,-1.8404306585483006,5.125,7.7384395124891405,0.40174999999999955,-0.022646996181922646,-0.024742806351811596
51,J0_central,-2.9924577874417895,9.0125,39.26308235514491,0.515374999999998,-0.010007712059182645,-0.022417639036538164
51,JN_north,-5.245293721442412,15.6275,15.816874330961848,1.3091250000000019,-0.022317745520445603,-0.01635103486090797
51,JS_south,-1.0877221534223813,2.6425,7.545460317460315,0.2511249999999999,-0.026680645743145735,-0.033108000294144777
51,JW_west,-1.1456233522692627,3.175,14.380143849206341,0.2800000000000003,-0.010045454545454545,-0.019440327711812116
51,JE_east,-0.755607893240546,1.7725,3.284486555111554,0.185625,-0.019399052336552328,-0.025579853719709295
52,J0_central,-3.2416356520796796,9.7225,25.730720679131633,0.6126249999999981,-0.011812842944808888,-0.020048608466336288
52,JN_north,-3.986156336139286,11.43,8.619244163469489,1.2282499999999994,-0.02657510129934867,-0.01609007187646155
52,JS_south,-1.6124619737326116,4.3925,4.337284417130423,0.42687499999999967,-0.020599169639687363,-0.02001396982227842
52,JW_west,-1.5260874870577168,4.29,15.502467698967694,0.35325,-0.014115079365079362,-0.019455702171352163
52,JE_east,-1.4591627865345986,3.9125,8.117122314164591,0.3116250000000002,-0.02258409054181113,-0.027689573967963014
53,J0_central,-2.946808301851866,8.73,23.149171347443453,0.5564999999999994,-0.015216770619731153,-0.02686657339247305
53,JN_north,-5.791822036864944,17.4325,16.005449268532935,1.3943749999999997,-0.016784017912128312,-0.014702953032420167
53,JS_south,-0.9449485687246506,2.3325,4.649954670329668,0.26512500000000006,-0.01869798951048951,-0.020868789966370226
53,JW_west,-1.9474567320077336,5.6925,21.677816319301613,0.42462499999999986,-0.011164096320346322,-0.013032604583269294
53,JE_east,-0.9435805795138015,2.4675,2.532367959858768,0.23937500000000017,-0.015436500193562883,-0.011951018653262552
54,J0_central,-2.8427020708556454,8.3775,21.163235886662342,0.5488750000000002,-0.014046272816880413,-0.029293230702129205
54,JN_north,-2.1636671473184874,5.8025,5.230579931140243,0.8043750000000003,-0.02417926126647017,-0.01630789767618772
54,JS_south,-1.8043157542478447,4.9575,7.600773046203598,0.4251250000000001,-0.022299366404996353,-0.024969438294552525
54,JW_west,-3.835018028114181,11.6625,32.32633279473996,0.7798750000000002,-0.01028975344989361,-0.011382107615475973
54,JE_east,-0.40432757338935743,0.765,3.0040645604395606,0.14725000000000027,-0.015175109612609615,-0.013342239846274044
55,J0_central,-3.2357634223322544,9.8225,43.65243648671586,0.5436250000000017,-0.011466399677893487,-0.02018241626610752
55,JN_north,-6.3296514320230015,19.095,15.5020408211139,1.6217499999999985,-0.012620069545532015,-0.014296642469777212
55,JS_south,-1.0046432678005375,2.515,6.445623286435782,0.24749999999999986,-0.01959695165945166,-0.02748785507374658
55,JW_west,-0.890411987452485,2.395,10.267473214285719,0.23099999999999987,-0.00937202380952381,-0.016409534524540203
55,JE_east,-0.6465091831013166,1.55,3.2431334013209017,0.16475,-0.0148691378066378,-0.017402847356170162
56,J0_central,-3.187205711279828,9.655,41.84425209199127,0.5437499999999998,-0.012087472576443166,-0.017947203157653135
56,JN_north,-5.013918506493805,15.0125,14.140952595271193,1.3628750000000003,-0.01243279545430301,-0.007483542034701121
56,JS_south,-1.5891549848830282,4.2075,7.265656706157197,0.37337499999999957,-0.025842164779664775,-0.030753357915908778
56,JW_west,-1.348285464150527,3.78,19.213238906926417,0.31674999999999964,-0.011115384615384617,-0.019754297960358894
56,JE_east,-0.9043466174850843,2.4025,4.867839877238777,0.23862499999999978,-0.013107539315259905,-0.011148237877950566
57,J0_central,-2.969129529951582,8.9725,38.42143090508348,0.5356250000000001,-0.010494437139657732,-0.018283428596848793
57,JN_north,-7.047902864048528,21.4375,19.63312384281824,1.6091250000000046,-0.017705812176731357,-0.012198714442780185
57,JS_south,-0.9283416786596057,2.35,6.66230488261738,0.26074999999999937,-0.01616200466200466,-0.02165889053513473
57,JW_west,-2.4620549961289124,7.28,20.078457132070724,0.5179999999999998,-0.013256064659025178,-0.017692899277235958
57,JE_east,-0.5968816687222129,1.575,1.9189108950689837,0.17325,-0.008182092621430858,-0.005253665667871373
58,J0_central,-2.836977242203141,8.5625,30.275166489760192,0.5208749999999983,-0.009695031684002273,-0.014753099736303179
58,JN_north,-6.438489190001232,19.565,18.65220014698101,1.6044999999999996,-0.009706302983742886,-0.00985880585725508
58,JS_south,-0.6599946355885292,1.41,4.852268849206348,0.18150000000000005,-0.02342361111111111,-0.023018258332484113
58,JW_west,-1.4003714204727018,3.9525,19.26253964785215,0.3208750000000004,-0.010750152625152627,-0.02260904698946721
58,JE_east,-1.4506272369416822,3.8725,8.249769785769788,0.29862500000000003,-0.024086701901040137,-0.029733082034238918
59,J0_central,-2.9574493843393737,8.8675,32.667322298412344,0.5453749999999996,-0.011680215617715612,-0.023032868713689196
59,JN_north,-4.284911362190764,12.545,10.89872647811561,1.2132500000000013,-0.020697935514169076,-0.015293126692245093
59,JS_south,-1.4922586241689013,3.9775,7.867928737273643,0.3691249999999996,-0.02134667492165556,-0.02908865916259665
59,JW_west,-2.7858866326446634,8.425,26.205148585418687,0.5827500000000003,-0.008028860544340419,-0.010028449343764831
59,JE_east,-0.18142162524001576,0.225,2.3213749999999997,0.07575000000000012,-0.008166666666666668,-0.013501430335625515
60,J0_central,-2.9777155942554896,8.95,29.426206281216565,0.5632500000000007,-0.010961773380987779,-0.01939503212758
60,JN_north,-7.3837081490379,22.485,22.71433062111365,1.6492500000000043,-0.017687905422181883,-0.01653503758250894
60,JS_south,-1.5586234170412783,4.23,6.243723663379233,0.42849999999999966,-0.019724306685316734,-0.020264168426359738
60,JW_west,-1.5487965202249885,4.42,17.60016154284527,0.3505,-0.01170147122614228,-0.01860780866615112
60,JE_east,-0.47353770291129826,1.0725,3.5678452380952392,0.13037500000000007,-0.01116964285714286,-0.01745172093180387
61,J0_central,-3.454327093336689,10.4575,44.54536685271425,0.5878750000000033,-0.012527970857401975,-0.02417821794987773
61,JN_north,-7.14460867562542,21.935,26.860532238472274,1.538750000000001,-0.011949287042308894,-0.008840649349534414
61,JS_south,-0.5821351759430187,1.1525,3.505029761904762,0.16712500000000052,-0.020012536075036086,-0.030564526926516674
61,JW_west,-1.1121782947846313,2.965,11.80124053030304,0.2592500000000002,-0.014900703463203465,-0.022671917876905125
61,JE_east,-0.6183102141680233,1.53,2.0125069881099296,0.171,-0.012574079719300302,-0.010041936928358737
62,J0_central,-2.661977168190627,7.9025,33.15201678835871,0.5116250000000003,-0.01256576940216646,-0.0205134875016781
62,JN_north,-5.350674959638268,15.905,11.853365635190745,1.4802500000000003,-0.016605504867163022,-0.013470448249061852
62,JS_south,-0.413833260860207,0.7175,2.437061965811966,0.189375,-0.016158730158730164,-0.017922785631111098
62,JW_west,-1.9419729335835383,5.6475,23.044141431377803,0.387375,-0.013175270195490781,-0.020251271900875806
62,JE_east,-0.8386793316534872,2.015,1.754663014885441,0.21825000000000028,-0.021828187131495955,-0.0172159285958369
63,J0_central,-3.61162178415576,11.055,37.02230642489156,0.6407499999999974,-0.008202313821799118,-0.014640985673136058
63,JN_north,-4.754134286826811,14.115,11.697487277247642,1.2430000000000008,-0.020366424277839756,-0.014248768897006993
63,JS_south,-0.9111175128280768,2.325,7.762633928571427,0.23075000000000037,-0.0163848581973582,-0.023031797098843648
63,JW_west,-1.1736790825099168,3.2275,11.633557539682542,0.2886250000000004,-0.013860119047619048,-0.016568179814111225
63,JE_east,-0.8898517364084205,2.3425,2.3908182095682107,0.24012499999999953,-0.014595085878174107,-0.012842089686977132
64,J0_central,-3.4827220244472676,10.605,50.09173374440111,0.6069999999999975,-0.01078304074666304,-0.015833182088065056
64,JN_north,-5.223342711017462,15.465,10.75459105156858,1.5862500000000015,-0.013844876440714018,-0.008588623660282596
64,JS_south,-0.879052964680845,2.185,7.121270833333328,0.21425000000000022,-0.017304563492063493,-0.025594532863601006
64,JW_west,-1.8495358528754773,5.3875,20.594064889971133,0.4046249999999992,-0.011380799755799755,-0.016714136301575713
64,JE_east,-1.0667253098021616,2.6775,4.528425990675989,0.24837499999999998,-0.024550673387070444,-0.022321680686742663
65,J0_central,-3.57590192649385,10.95,55.938639807904565,0.5900000000000007,-0.010532431824711237,-0.01672425665019149
65,JN_north,-4.665140399767057,13.85,12.227556706763586,1.2302500000000003,-0.017859203666520895,-0.015352258892515241
65,JS_south,-0.6971330532159515,1.63,5.118679383116882,0.17700000000000013,-0.017566558441558442,-0.0230676986793682
65,JW_west,-0.8882671813040365,2.3375,10.226148809523805,0.22887499999999986,-0.011781746031746032,-0.01919054374794288
65,JE_east,-0.4865072015565968,1.145,7.700208333333333,0.11675000000000013,-0.008375,-0.02252116895358691
66,J0_central,-2.1499127306990484,6.295,24.47476494971534,0.4184999999999999,-0.012539960039960042,-0.023365491226718143
66,JN_north,-8.368381421377249,25.6875,29.52108445352808,1.8226249999999964,-0.013175373067085818,-0.012193567980950117
66,JS_south,-0.82666718604179,2.135,3.2252669904699705,0.25025,-0.012291669877679942,-0.012276958286735156
66,JW_west,-1.9938740834778337,5.87,22.63797954129204,0.4245000000000003,-0.010269931457431453,-0.014547253055378717
66,JE_east,-0.3723725561945429,0.61,3.279603826728827,0.10750000000000023,-0.017126921689421693,-0.023204013833757014
67,J0_central,-2.5257511437137,7.465,25.839629091024253,0.5055000000000007,-0.012450458962262365,-0.024449029770891143
67,JN_north,-7.477714813110649,22.8825,24.89965043529267,1.6148749999999996,-0.014811594275653227,-0.014771711903927454
67,JS_south,-1.519325768573112,4.145,6.667468741572294,0.40674999999999967,-0.016873308760134043,-0.022266653423959584
67,JW_west,-2.561954829011548,7.6825,24.33376626743354,0.5531249999999998,-0.008857729076479075,-0.011038882852313369
67,JE_east,-0.43693894580189946,1.0775,1.8723085733710731,0.1393750000000001,-0.0063589466089466066,-0.007590397416320811
68,J0_central,-2.287652901517353,6.7275,34.008023677711215,0.43562500000000026,-0.01282193026271973,-0.022336767943523496
68,JN_north,-6.53203509528186,19.825,18.454977674528152,1.496750000000001,-0.015940254821758034,-0.015082480323810663
68,JS_south,-0.6869179530314569,1.495,3.01916554972805,0.19675000000000048,-0.021319534632034638,-0.023575709672921726
68,JW_west,-2.7034258597122625,8.06,22.177424846267954,0.5510000000000006,-0.012149282036762686,-0.016867794501505565
68,JE_east,-0.3864285037185995,0.8375,1.9179404761904757,0.13737499999999997,-0.010455357142857145,-0.008022678739437005
69,J0_central,-3.1268606136621924,9.4025,35.52213592861388,0.556625000000001,-0.011867822644331932,-0.020938292721806438
69,JN_north,-3.602802219378536,10.3125,7.746306708471221,1.162625,-0.021556928467128186,-0.014372215877114852
69,JS_south,-0.8197480381027161,1.9125,5.142765602453103,0.22237499999999988,-0.02026488095238095,-0.02711274402607478
69,JW_west,-2.814631736038919,8.4325,34.42885102128611,0.5473750000000002,-0.013028942985250189,-0.015894437912001937
69,JE_east,-0.6576855758578516,1.49,0.8301256243756241,0.19724999999999998,-0.02096407758907759,-0.011477271311899677
70,J0_central,-3.600553065501515,10.87,38.28742566522527,0.6324999999999994,-0.013345725149033974,-0.02597672243163302
70,JN_north,-4.900848114261871,14.6725,18.812691789518674,1.2093750000000008,-0.017447831126193303,-0.011177504166418337
70,JS_south,-0.9496137600735061,2.44,6.529575396825396,0.2595000000000003,-0.014639520202020202,-0.019937354382669147
70,JW_west,-1.7925265709492029,5.22,26.18228340062716,0.40100000000000013,-0.009945437936246759,-0.014903965484950933
70,JE_east,-0.822592923343568,1.9975,2.7243665986790977,0.2091249999999999,-0.02020920052170052,-0.016433985218498627
71,J0_central,-2.4222329177277167,7.205,35.36285828060828,0.4674999999999992,-0.011209706347573989,-0.016103106712198775
71,JN_north,-6.32074353027836,19.1025,16.219278174808867,1.5256250000000007,-0.01637177692133103,-0.014013866488280548
71,JS_south,-0.7137777425569496,1.59,2.2420363386613387,0.2232500000000001,-0.021058469308469302,-0.021045491659727175
71,JW_west,-0.8900475793428752,2.3825,8.238043650793655,0.24312500000000029,-0.00909316378066378,-0.017237423872204193
71,JE_east,-0.7833371004686505,1.905,2.2271475607725604,0.21825000000000042,-0.017932935120435117,-0.017139006085663235
72,J0_central,-2.5680078904749224,7.565,22.163856918537217,0.5154999999999993,-0.013646323243749717,-0.024095836611955832
72,JN_north,-4.143941819916414,12.12,8.732919808206375,1.3795000000000002,-0.010918941471577404,-0.006102233035512803
72,JS_south,-0.5248761869416123,1.07,3.701142135642137,0.19450000000000023,-0.016238095238095232,-0.01852153213181779
72,JW_west,-3.923745372479891,12.0025,39.40071491107604,0.7973750000000002,-0.007538464056147792,-0.009398952855826415
72,JE_east,-0.4137508642888338,0.6925,0.9056353854478856,0.157125,-0.0201737012987013,-0.01535110565391374
73,J0_central,-2.9997464956427873,8.9625,24.39628487410643,0.5823749999999993,-0.012851185428778307,-0.020715518185440304
73,JN_north,-3.808944137762574,11.1675,9.807883742078086,1.2008750000000006,-0.011537275579016062,-0.0075214445049695796
73,JS_south,-0.993412410693839,2.4925,6.342094225219227,0.284125,-0.01815016927516928,-0.02198584673021808
73,JW_west,-2.175669165508367,6.435,23.247709311521795,0.4594999999999998,-0.010240981240981238,-0.015205944222951183
73,JE_east,-1.058902955031265,2.73,4.573619952963699,0.2524999999999998,-0.021265638160858743,-0.01606119668470846
74,J0_central,-3.4642687828928773,10.405,36.096623320629355,0.6049999999999992,-0.014738799609832893,-0.028206409329936517
74,JN_north,-4.149604677985784,12.065,9.333442177150335,1.154250000000001,-0.0237368495158863,-0.017833915593343887
74,JS_south,-0.8811455353608066,2.1375,6.535940025252525,0.23262499999999997,-0.017929653679653684,-0.025491083871436383
74,JW_west,-1.3001491263258185,3.7625,13.111068525224768,0.304375,-0.006329456695265515,-0.009480871814913392
74,JE_east,-0.8540369108193007,2.165,1.6792046462524413,0.24749999999999994,-0.014327972476869524,-0.014584724607644355
75,J0_central,-3.290173987985503,9.95,38.753620565708715,0.582249999999999,-0.010921733291218587,-0.019561090136289455
75,JN_north,-1.8550316954672754,4.845,3.8438983531858297,0.7652500000000003,-0.024820243757958278,-0.013006005047524012
75,JS_south,-0.8984837420227039,2.25,6.63351966089466,0.2240000000000002,-0.016390602453102452,-0.02624363158737768
75,JW_west,-3.406555741489114,10.31,34.69134872113182,0.6885000000000001,-0.011965320315649262,-0.012667836664216319
75,JE_east,-0.8572006532957362,2.085,2.467969419469419,0.21124999999999974,-0.020360115986954218,-0.022340803389264193
76,J0_central,-3.155257944891618,9.4675,26.112960498329517,0.6246249999999997,-0.011293006217638561,-0.018000815511166796
76,JN_north,-3.811418129419861,10.9225,8.78576234431413,1.178125,-0.026053493400101012,-0.014188574992039116
76,JS_south,-0.953672369849249,2.5075,5.684584881417607,0.28787499999999994,-0.012093593906093906,-0.016002943941751346
76,JW_west,-4.074860800741196,12.495,48.413535200290035,0.7802500000000013,-0.008816598483801338,-0.012808397943454775
76,JE_east,-1.3429068189615267,3.6025,4.201290795601455,0.3088749999999999,-0.02334387977218859,-0.015094453832653247
77,J0_central,-2.6229898138233896,7.8175,31.028800359158826,0.5141249999999993,-0.01144220976177245,-0.015133819413431811
77,JN_north,-5.727510905036189,17.1425,15.766720769943626,1.4713749999999997,-0.01846701228947875,-0.01406446203262686
77,JS_south,-0.931478071286373,2.265,5.552319884976133,0.2872500000000005,-0.019942495004995005,-0.02160308836892655
77,JW_west,-1.772788283907299,5.0775,15.906952644577645,0.40537499999999993,-0.012677516927516926,-0.02082688987308513
77,JE_east,-1.4991621376764437,4.0875,5.278830986211504,0.34187499999999976,-0.0209602281533396,-0.021332038693101397
78,J0_central,-2.7759162935095993,8.1775,25.594918956043983,0.566875,-0.014297867165514217,-0.025766097417800934
78,JN_north,-4.4298632215766425,12.93,11.212243540284932,1.2605000000000017,-0.02326550008611101,-0.01389499340753141
78,JS_south,-1.1931167118656107,3.1675,6.401130243939072,0.34412499999999996,-0.013944660527381112,-0.0206550874488392
78,JW_west,-2.3401597832665044,6.925,25.470157799920713,0.5142500000000007,-0.009893849206349207,-0.015159901451866036
78,JE_east,-0.4027412113958901,0.795,1.9125059523809522,0.12025000000000001,-0.012060515873015874,-0.019633948849891072
79,J0_central,-2.4843654058275897,7.3575,26.328424480544005,0.4813750000000001,-0.011599587299954948,-0.02210568105201817
79,JN_north,-5.647870110652336,17.0325,20.004792281571085,1.3848750000000003,-0.015275236367158116,-0.011541127108319345
79,JS_south,-0.8684944874311422,2.0175,4.535823253135754,0.25262499999999977,-0.021971320346320343,-0.027200605549815772
79,JW_west,-2.9374122586686804,8.8075,25.7200995700421,0.6018749999999996,-0.01190732440074545,-0.015931981032520682
79,JE_east,-0.44871268806919895,0.99,4.06025,0.11900000000000027,-0.011833333333333333,-0.016823423401311002
80,J0_central,-2.653811433625917,7.915,35.057287649850146,0.4749999999999992,-0.011579003308782719,-0.02309450148516199
80,JN_north,-7.92860512049119,24.2775,36.18685109384964,1.6668750000000052,-0.016875782527052303,-0.018877850619181215
80,JS_south,-1.5685976563158643,4.3025,6.663906867266295,0.38862499999999967,-0.019441030933291,-0.02044849751592389
80,JW_west,-1.1430707695285935,3.23,12.364150523088018,0.29149999999999954,-0.0077163600288600274,-0.01244048138336489
80,JE_east,-0.7561399126861978,1.7425,4.264343739593743,0.16137500000000027,-0.02142165473415474,-0.027355566198929017
81,J0_central,-2.845735867880573,8.62,44.37465813885962,0.5257500000000004,-0.00769347713475035,-0.017010766905514577
81,JN_north,-8.391311655321186,25.91,30.72446808248652,1.7415000000000038,-0.01052446801289058,-0.013926180493616755
81,JS_south,-1.746027722495713,4.8075,9.496785815796137,0.3636249999999997,-0.02344408051584824,-0.0310414328234849
81,JW_west,-1.6478030724419732,4.73,17.210955398767904,0.3624999999999999,-0.013001387501387502,-0.01982959033276765
81,JE_east,-0.8769152518308314,2.34,5.491093614718612,0.2022499999999999,-0.012073960761460757,-0.01924174687701425
82,J0_central,-3.3190592642321026,10.1225,32.143329750927165,0.6263750000000008,-0.006724587955044614,-0.012793198976176989
82,JN_north,-4.172155135001716,12.21,10.532785599472355,1.256749999999999,-0.020243602315304324,-0.00873147375755304
82,JS_south,-0.9398896452547233,2.3625,6.029489898989904,0.25062499999999976,-0.01977065295815295,-0.021824852276934675
82,JW_west,-1.38362908659132,4.0325,14.872187791375314,0.34487500000000004,-0.007126116938616937,-0.010668412994073718
82,JE_east,-0.7813272832653034,1.8325,2.6217360139860135,0.223375,-0.02323448079698079,-0.01747160168515475
83,J0_central,-3.0511808052201452,9.1525,29.58473376460136,0.5666250000000014,-0.011592072959720014,-0.02099009906068248
83,JN_north,-4.568466498902992,13.4275,10.129433958516243,1.319875000000001,-0.01857241649672321,-0.014103885249967793
83,JS_south,-0.581838418356346,1.25,5.811794642857148,0.18925000000000025,-0.01631547619047619,-0.02265094574226212
83,JW_west,-1.8539405795452586,5.3925,22.448144057331557,0.40212499999999984,-0.011481990231990228,-0.01747949123293443
83,JE_east,-1.3362456536189682,3.495,4.965794605162638,0.3249999999999995,-0.024635601681170557,-0.021941749646838375
84,J0_central,-2.392081283424622,6.945,18.091426252121188,0.5297500000000006,-0.01417237005985071,-0.0253238544835897
84,JN_north,-2.5117120616528292,6.92,5.449354490981292,0.9899999999999998,-0.018585153475265702,-0.008720777078399817
84,JS_south,-1.3184872482484875,3.455,3.4310192295005155,0.40374999999999994,-0.01948124294349056,-0.017555646705667335
84,JW_west,-2.218226813427896,6.555,22.19321702489119,0.48049999999999954,-0.009224075707144593,-0.01655584738623546
84,JE_east,-0.4261690133021341,0.9325,3.386761904761904,0.13112500000000013,-0.009002976190476191,-0.016860946115025678
85,J0_central,-3.4158600267613446,10.315,30.440121038264852,0.6354999999999988,-0.012561272673405021,-0.0192193872903806
85,JN_north,-3.4014577521111766,9.7325,8.341925533699362,1.1123750000000006,-0.020318271078109632,-0.0106406756869093
85,JS_south,-0.4573056581305252,0.855,2.5388887987012985,0.18074999999999986,-0.016225198412698417,-0.020166060360111274
85,JW_west,-1.8455871990173844,5.3875,19.86456132756134,0.39387499999999986,-0.010582736707736708,-0.016569235065945133
85,JE_east,-0.3791831748878839,0.7675,2.753232142857145,0.11737500000000012,-0.011803571428571427,-0.014790136199108185
86,J0_central,-2.6239164159640915,7.8825,38.60745065800223,0.4771249999999997,-0.010540157758907756,-0.017984914366189268
86,JN_north,-5.356998121098074,16.0625,13.45732655305556,1.394375000000001,-0.015051678459429058,-0.011798456641558694
86,JS_south,-0.9964463012399197,2.485,7.081481913919421,0.2664999999999997,-0.01980185786435787,-0.025453348200158373
86,JW_west,-1.3787383659912322,3.89,13.497459269896776,0.3075000000000003,-0.012619012931512928,-0.017656492907925578
86,JE_east,-0.21006504463166778,0.3375,3.0624434523809523,0.07187500000000019,-0.00724404761904762,-0.01497599550930698
87,J0_central,-2.170036733268713,6.4,41.0090020628882,0.39975000000000066,-0.010700009345229933,-0.022007648250274004
87,JN_north,-8.12840979996661,24.945,30.108013558194738,1.7309999999999977,-0.0144645526912106,-0.015943508910044046
87,JS_south,-0.8150739313437292,2.055,3.776248647186147,0.21175000000000016,-0.015212239149739149,-0.018793858452287013
87,JW_west,-3.4733247289121705,10.54,44.43887702355848,0.6742499999999996,-0.01190161854415034,-0.01407080875048053
87,JE_east,-1.5001377251088615,4.0575,5.587141020539918,0.33887499999999937,-0.02361436969892851,-0.0208766789618804
88,J0_central,-2.8900740404130123,8.705,36.34161026922427,0.4939999999999992,-0.011022099278000984,-0.023283311489515627
88,JN_north,-7.346880328821984,22.5125,21.00506866823179,1.702625000000003,-0.00870941412556444,-0.008375779819082196
88,JS_south,-0.615525572937408,1.255,5.190032890720394,0.2000000000000003,-0.020019327894327893,-0.02844236745488276
88,JW_west,-2.6978502832910207,8.065,32.8232074158212,0.5622499999999999,-0.012270550173510692,-0.01313916693373343
88,JE_east,-0.8628764401937563,2.1675,6.072463848651347,0.21087499999999978,-0.016394549894549904,-0.022673496082502655
89,J0_central,-3.3824424942245748,10.22,31.492046923868646,0.623250000000002,-0.01131133103008103,-0.017806219558795747
89,JN_north,-3.31067767922801,9.5575,9.358871151714816,0.9941250000000007,-0.020104576643647145,-0.011022316974807076
89,JS_south,-1.396547350588402,3.68,4.710574449243561,0.3604999999999996,-0.022212933115216396,-0.025355011476079773
89,JW_west,-0.8466335323703919,2.1175,8.415880952380958,0.2208749999999996,-0.015041666666666665,-0.023645018488449052
89,JE_east,-0.6009176134365972,1.355,2.718733440170941,0.1790000000000002,-0.017237623487623487,-0.015953416969158748
90,J0_central,-3.070246364673888,9.16,23.034340808003034,0.6009999999999994,-0.01354962029658321,-0.0211859130942323
90,JN_north,-4.03547618545613,11.92,10.851734030949542,1.1907499999999995,-0.0118911395057223,-0.007848123667178061
90,JS_south,-1.3360601231943932,3.545,4.145241054348613,0.38049999999999945,-0.017436127765983724,-0.02206512188565539
90,JW_west,-1.1357267871904833,3.025,9.495999014874013,0.27649999999999947,-0.014627913752913755,-0.022518988916374556
90,JE_east,-1.9255028979094326,5.43,8.179750910810908,0.42099999999999993,-0.01969769298039421,-0.022307596207148252
91,J0_central,-2.876351385925121,8.5225,25.477733835802113,0.5451250000000015,-0.012898706739167263,-0.030589256513407385
91,JN_north,-5.7642897257315875,17.2075,15.021989166674203,1.5153750000000008,-0.019355554703302125,-0.012426019368370227
91,JS_south,-0.6394913522307861,1.425,2.571647364073834,0.23899999999999996,-0.01613287407037407,-0.01691478420029013
91,JW_west,-2.0452691390600988,5.97,20.474367595306738,0.4437500000000003,-0.012256559155069215,-0.0170319649032092
91,JE_east,-0.7262972557280682,1.7675,5.808265234765234,0.19162500000000002,-0.013038690476190478,-0.02378444493439107
92,J0_central,-1.7774479932942435,5.015,18.125349823787317,0.3580000000000001,-0.013510350760350755,-0.03394604095935282
92,JN_north,-7.325065352523183,22.545,24.127343261672614,1.6092499999999978,-0.007257320199533416,-0.007741525002407588
92,JS_south,-1.2936800956084042,3.3325,9.484458368020874,0.31287500000000007,-0.024814040126540114,-0.024488346727502382
92,JW_west,-3.0921318311672423,9.275,23.238786807728474,0.6545000000000003,-0.011048986213305103,-0.015508099290008221
92,JE_east,-0.9162579474504352,2.3625,4.097922038949614,0.22637499999999974,-0.017087968608189195,-0.013567451444394786
93,J0_central,-3.1400356857794236,9.4075,31.64186963771512,0.5646249999999999,-0.013302120061311238,-0.024916667915659486
93,JN_north,-1.966540925393732,5.3775,4.728601203642791,0.8028749999999999,-0.013897459301833195,-0.00816844438097245
93,JS_south,-1.0793404009314753,2.705,5.201397723803973,0.3217499999999999,-0.021328814567785157,-0.019033543984963527
93,JW_west,-1.9211562107672,5.5775,23.72971902501954,0.3961250000000003,-0.012308965340215337,-0.020459821971750863
93,JE_east,-0.34890405122951784,0.6,0.441695707070707,0.12500000000000003,-0.016573260073260078,-0.010966755370297425
94,J0_central,-3.1376212296413906,9.3825,35.745424393094886,0.5768750000000005,-0.013562883807369103,-0.023046534043512965
94,JN_north,-6.709238067175095,20.3525,18.690278242171622,1.6076249999999987,-0.014109643404869676,-0.01176329126800404
94,JS_south,-1.2058278896942634,3.04,4.688652306027306,0.34224999999999967,-0.02359009679046443,-0.02303831906360183
94,JW_west,-3.942579407485846,12.0375,42.54214631730383,0.7836249999999998,-0.009175047537004058,-0.011620451093043492
94,JE_east,-0.8957288371639788,2.0925,6.072251332001331,0.22337500000000066,-0.024927697302697303,-0.02460104151787701
95,J0_central,-3.238690862780755,9.8375,30.683392572898367,0.5991249999999982,-0.008986756503300622,-0.018234693305184867
95,JN_north,-3.4823813243492445,10.1025,9.552393380799469,1.0721250000000002,-0.017755059024928438,-0.011622508109002045
95,JS_south,-0.7401910092100752,1.8475,6.3880079809896015,0.2518749999999995,-0.011358225108225109,-0.017806935331173918
95,JW_west,-1.2132479619203458,3.3425,19.180565476190473,0.284375,-0.013350198412698413,-0.020230478425126375
95,JE_east,-0.3386043275217229,0.715,2.3521696428571435,0.10600000000000027,-0.010136904761904762,-0.011823145352798596
96,J0_central,-2.3819439299156024,7.0275,23.32069302572428,0.44687500000000063,-0.01289728959765724,-0.023243785903251026
96,JN_north,-6.736201567153124,20.54,19.013010290439027,1.6685000000000014,-0.007627492587639582,-0.004859762509808652
96,JS_south,-1.0012123562367317,2.5325,4.218079607892108,0.2681249999999998,-0.019173486235986234,-0.01968142293074405
96,JW_west,-3.592858851628533,10.9275,32.95917305030814,0.7171249999999993,-0.009160288720698094,-0.01393766441486478
96,JE_east,-1.0432288396113008,2.6175,5.003915197751598,0.24337499999999987,-0.0213535526973027,-0.026201998464736517
97,J0_central,-2.5203738581624573,7.5225,40.82616043792391,0.44587499999999936,-0.011942722664762137,-0.01871311054542708
97,JN_north,-5.835896861506625,17.41,13.323143649189465,1.5642500000000024,-0.01941048499015051,-0.011341995613174189
97,JS_south,-1.2072201256419646,3.125,6.711550467506347,0.29975000000000007,-0.02155507788779847,-0.024067145436724502
97,JW_west,-4.097811798871558,12.5475,34.85446877619997,0.8161249999999989,-0.009031503107315802,-0.009840669002728827
97,JE_east,-0.6319472880470282,1.5275,1.8075717026029527,0.16587499999999988,-0.015445981510319742,-0.011409717582952575
98,J0_central,-3.5744201277483154,10.815,28.46909558332751,0.6647500000000012,-0.011522344754059149,-0.021379124732684482
98,JN_north,-4.89825615011234,14.5375,14.466031995838735,1.290125,-0.019041661452976644,-0.015857826669670973
98,JS_south,-1.306602768677883,3.5375,5.6647792028233175,0.3898750000000004,-0.01511591106047375,-0.014883011933698795
98,JW_west,-2.094366389374395,6.1625,23.617603930791457,0.4438750000000007,-0.010468011155511154,-0.018534572044360587
98,JE_east,-1.1860327392713907,3.1925,8.224681055056056,0.2638750000000001,-0.015624725356342996,-0.023975961490780212
99,J0_central,-2.813128820811118,8.43,42.0191279043669,0.4977500000000007,-0.012438892806539864,-0.01777764648993802
99,JN_north,-6.9190694315650125,20.92,20.531874469505293,1.7112500000000008,-0.017052787104246847,-0.009776355215346899
99,JS_south,-1.0359002380897313,2.5275,7.026449148074147,0.2591249999999999,-0.02390037046287046,-0.027766550081150317
99,JW_west,-2.354514345710034,6.9825,26.237047889610363,0.4856249999999999,-0.010583513708513704,-0.018140745777193924
99,JE_east,-1.052176771282104,2.6525,5.8071158979909026,0.22812499999999997,-0.022571456321456317,-0.0251271020308713
100,J0_central,-2.0904228452702758,6.1175,23.40333157203344,0.43687500000000135,-0.00851579364263188,-0.025878579780892343
100,JN_north,-8.128572230511349,25.065,39.07618539793434,1.6357500000000034,-0.01427634595715124,-0.014966956720164973
100,JS_south,-0.9471042676329933,2.3775,5.584595251970251,0.27437499999999987,-0.018163780663780667,-0.021845638514413172
100,JW_west,-3.512904949835088,10.68,26.69561147268999,0.6985000000000002,-0.0106030774895004,-0.014653987551160052
100,JE_east,-0.4639867056867931,0.97,2.062970356032856,0.1340000000000001,-0.016505230880230877,-0.016614482000187315
101,J0_central,-2.939691405597302,8.85,40.6018652668818,0.4880000000000015,-0.012771623038554154,-0.02324180989759073
101,JN_north,-8.195684450863636,25.245,23.549026090760613,1.7532499999999969,-0.01046179612490645,-0.009178612080997774
101,JS_south,-1.059430708560852,2.69,6.880474740537238,0.2529999999999998,-0.019585886335886333,-0.026529015402156877
101,JW_west,-0.6493218161057014,1.6675,6.672804563492061,0.17912500000000023,-0.008208333333333335,-0.014374701680963576
101,JE_east,-0.6339304017009354,1.465,2.7989099685037164,0.16700000000000015,-0.01764332542457542,-0.015285264250474778
102,J0_central,-2.3252449152284695,6.89,29.208369641420244,0.45324999999999827,-0.01084445599335305,-0.019345204145947287
102,JN_north,-7.608399846225873,23.35,26.268159922774615,1.6772499999999981,-0.011866345144820257,-0.009602104257532126
102,JS_south,-1.0016627704316452,2.55,3.77296003044513,0.31174999999999986,-0.01679308987581046,-0.0187417045329436
102,JW_west,-1.2484956170852919,3.4,13.289710858585861,0.29199999999999976,-0.014430555555555556,-0.023526963660404077
102,JE_east,-0.7617770353407464,1.91,1.4695105761541518,0.2499999999999999,-0.01562446336343394,-0.006982903268435508
103,J0_central,-3.4020086328508574,10.2675,34.78130034181503,0.5998749999999992,-0.013743029845971024,-0.02007417740518677
103,JN_north,-2.6010122179462316,7.275,6.821583644925999,0.9034999999999994,-0.01861483604747741,-0.013450989008450763
103,JS_south,-1.05784567990906,2.665,5.60561140942391,0.29774999999999974,-0.02054127122877123,-0.019414132036631438
103,JW_west,-3.640785111536024,11.0675,34.33545144193058,0.7123749999999996,-0.009854933075348847,-0.015030943233668166
103,JE_east,-1.4347675780822615,3.9625,5.917822817297086,0.3356249999999998,-0.016854217269658432,-0.01678646602101532
104,J0_central,-3.094814023465706,9.3175,39.32185923982062,0.5791250000000021,-0.011882730831260237,-0.018048831491379994
104,JN_north,-4.544192078601516,13.4025,11.809872510194602,1.2541249999999995,-0.01862291395231721,-0.015162273588704247
104,JS_south,-1.493260299401483,4.0775,7.021868871355378,0.3776249999999994,-0.016818086397594065,-0.024433452875497162
104,JW_west,-1.642516852592928,4.795,18.171351010101024,0.3870000000000002,-0.007921384171384166,-0.012272235036743693
104,JE_east,-0.8979748945057964,2.25,6.567680406807243,0.19950000000000045,-0.017268028131998722,-0.026509646091641
105,J0_central,-3.136279891349724,9.445,28.434578126347798,0.5905000000000006,-0.010405028236297584,-0.021660728854715584
105,JN_north,-6.954654632288809,21.2575,21.087718561331336,1.6958749999999976,-0.00655396906124674,-0.007531115254992462
105,JS_south,-1.2288811835490505,3.1325,6.167869651182155,0.31737499999999974,-0.024840555278055274,-0.024452925343089977
105,JW_west,-1.8147383226955043,5.2775,19.473918634674142,0.38487499999999997,-0.011950143606393602,-0.017732524095470235
105,JE_east,-0.41593551667942863,0.7925,0.4398114940614941,0.14712499999999998,-0.01722191697191697,-0.013564187673624219
106,J0_central,-3.5029799616846815,10.6925,47.28908595481967,0.6303749999999981,-0.010417444075532311,-0.013642517496643105
106,JN_north,-6.504476306947257,19.7375,19.47926558335893,1.4801249999999957,-0.017038975433773494,-0.01657952081366039
106,JS_south,-0.8263990906054296,1.915,6.2644850696688925,0.21499999999999977,-0.019702380952380957,-0.03402614884622973
106,JW_west,-2.3267418287498747,6.905,29.086786218694016,0.4684999999999999,-0.011749056241316303,-0.017555829696115025
106,JE_east,-0.13713995897257086,0.155,2.8796488095238093,0.06975000000000013,-0.005,-0.011940035410753072
107,J0_central,-3.415871645967194,10.3625,30.062834367301065,0.6361249999999992,-0.009408563808912104,-0.016449391140455297
107,JN_north,-3.3434097566854906,9.4625,7.151550282136539,1.105375,-0.024749252448713108,-0.015241933412050577
107,JS_south,-0.8545709360731278,2.0575,5.647231691919193,0.22762499999999997,-0.020253968253968253,-0.024473233592731028
107,JW_west,-1.4454501936749984,4.075,17.634086489898998,0.34349999999999975,-0.012633241758241764,-0.018958428632983127
107,JE_east,-0.6603523382991461,1.5675,5.325652310108191,0.1718750000000001,-0.015048626822523881,-0.02223978828435091
108,J0_central,-3.1610349004242835,9.48,26.80390806160211,0.6179999999999995,-0.012020953934266627,-0.019896860982781296
108,JN_north,-3.4687063404807263,10.135,11.50007476352332,1.0695000000000001,-0.012921514450214422,-0.009353430180559471
108,JS_south,-0.9575490241338633,2.4075,2.3692870937005033,0.3541249999999995,-0.015717022517815864,-0.013217251838125355
108,JW_west,-3.2018392701793754,9.7,28.903201479582584,0.6719999999999993,-0.00808138836440004,-0.012895210244420717
108,JE_east,-1.6211953865526183,4.35,6.854156049445908,0.3632500000000002,-0.02675289224234656,-0.02470700873617637
109,J0_central,-2.6655265774239023,7.9075,27.034719586270207,0.4893750000000019,-0.013258666986608159,-0.025628808899820315
109,JN_north,-6.833174889260729,20.7625,19.957879358519428,1.7193750000000005,-0.009085853598311426,-0.008332893647974845
109,JS_south,-0.8095382867654091,1.925,4.087399260461765,0.2362500000000003,-0.019776785714285715,-0.01788101211038248
109,JW_west,-2.327351750441697,6.9325,20.390200584277707,0.5031250000000003,-0.008606882442892504,-0.013556252127010377
109,JE_east,-0.916806667191715,2.2975,2.6430689316810634,0.23087499999999994,-0.02035672762694821,-0.01499659754187878
110,J0_central,-2.6615392421579975,7.9675,24.73846123752841,0.536374999999999,-0.009518538811979218,-0.018743414014470258
110,JN_north,-6.037837961835102,18.1175,14.478064543981521,1.5863750000000005,-0.016076582995465577,-0.013627734616909238
110,JS_south,-0.6480267379825183,1.58,6.039116071428569,0.2104999999999998,-0.010803571428571428,-0.01891090160785079
110,JW_west,-1.1437453007442264,3.0675,12.210045634920636,0.2941249999999998,-0.014609126984126981,-0.021587544099816548
110,JE_east,-0.39005690374877083,0.87,3.966989801864801,0.12425000000000005,-0.009105158730158729,-0.013609516237009176
111,J0_central,-3.0724577209844184,9.2425,31.86132450331526,0.584874999999999,-0.011581148426736658,-0.0194403035399523
111,JN_north,-5.472672804684266,16.565,18.263071796068754,1.3210000000000024,-0.013420123106540494,-0.008304946149045304
111,JS_south,-1.193936142177925,3.13,8.100848755411263,0.31674999999999986,-0.016949640637140634,-0.026000321069374915
111,JW_west,-1.2823376815176217,3.5325,13.68648015873016,0.3048750000000004,-0.014343524531024531,-0.018122631004512252
111,JE_east,-0.4724282620326813,1.12,2.0867525252525256,0.1387499999999999,-0.010204455266955268,-0.010309344422215672
112,J0_central,-2.805397052764526,8.44,29.966205938056945,0.5329999999999991,-0.009015618368559547,-0.01953489165504632
112,JN_north,-6.724280941228834,20.335,16.785722486668586,1.6167500000000026,-0.017245273582690818,-0.017249168289129018
112,JS_south,-1.039790915315502,2.6375,4.6400197731190405,0.2941250000000002,-0.01988850732600732,-0.021414820974173174
112,JW_west,-1.5315283638693131,4.3525,14.894392763486533,0.34687500000000043,-0.013189574314574315,-0.018868377779660755
112,JE_east,-0.25755964109862106,0.4825,2.7928382936507945,0.10737500000000001,-0.008374999999999999,-0.01034545218075081
113,J0_central,-1.7811465376463766,5.08,31.26185544010723,0.3785000000000002,-0.011097757226433698,-0.026213542497018266
113,JN_north,-7.484129255441547,22.81,23.767881148353993,1.7085000000000017,-0.015682859198652817,-0.013984722497708314
113,JS_south,-0.9272789519644147,2.32,6.068212805984864,0.2715,-0.016432837995337995,-0.022734623767428835
113,JW_west,-2.4704032074756945,7.335,22.513580709204742,0.514,-0.01240169322851211,-0.015749613440133477
113,JE_east,-1.173077844046213,2.925,3.8480957545743717,0.31249999999999956,-0.026843942617839664,-0.022706308252074658
114,J0_central,-2.92494952105791,8.7325,28.173026341917847,0.5638749999999995,-0.012515232316702898,-0.021016761641512526
114,JN_north,-4.910281354789071,14.505,14.529314534534887,1.3469999999999995,-0.0212155059935738,-0.011786680093898721
114,JS_south,-1.0140608476151811,2.5,3.3957204045954064,0.31074999999999975,-0.02162999500499501,-0.018827703978400123
114,JW_west,-1.9023499085312026,5.525,20.67673259621141,0.4390000000000006,-0.010300838050838052,-0.018307626821802786
114,JE_east,-0.380739136756805,0.7775,3.7841526875901907,0.12537500000000013,-0.009708333333333334,-0.018152252728365934
115,J0_central,-2.8751612621611686,8.5475,24.88316390349845,0.5536250000000007,-0.013176824197044785,-0.027048337073048573
115,JN_north,-7.282879212322643,22.245,24.536897530385225,1.618000000000003,-0.01337679324135987,-0.015370798860877914
115,JS_south,-0.716614707519302,1.7575,3.551077283827285,0.23062499999999986,-0.012322968697968697,-0.016104357817685697
115,JW_west,-2.5970937240222827,7.7375,28.827686599552404,0.526125,-0.012011074301515469,-0.015798602060307743
115,JE_east,-1.0688787422499317,2.9,7.174285103785112,0.24275000000000013,-0.01197509781884782,-0.019912302380802237
116,J0_central,-3.231033532057742,9.7975,32.444497806727576,0.5923750000000007,-0.008682515465700447,-0.01795233345217949
116,JN_north,-7.197731288509054,21.9425,23.254672512110425,1.6456249999999983,-0.015666127753491008,-0.012799059405098352
116,JS_south,-0.9055379112013092,2.2575,6.673574404761903,0.23487499999999972,-0.018936216561216558,-0.022889648731913126
116,JW_west,-4.4608711820899964,13.7,39.902261060328904,0.8592500000000007,-0.010336931579253004,-0.012023246631166195
116,JE_east,-0.7279299629218154,1.645,2.3972800879675877,0.1907500000000001,-0.024568299755799758,-0.018499216605707733
117,J0_central,-3.273876253506633,9.9075,33.12709887926614,0.6183750000000008,-0.011999884725697423,-0.016594834623503724
117,JN_north,-6.693257895803055,20.205,21.387236204852332,1.594249999999997,-0.02009055206692602,-0.014515183008514407
117,JS_south,-1.4129955542102446,3.905,4.624202719639808,0.4107499999999999,-0.014918557910527716,-0.009838997603105342
117,JW_west,-4.085027198407692,12.5175,39.50381744151052,0.7773749999999998,-0.00917354461815718,-0.013348602932757348
117,JE_east,-0.05414143611806153,0.01,0.0015476190476190477,0.06200000000000005,-0.0016666666666666668,-0.00010416666666666671
118,J0_central,-2.5868647184146725,7.625,25.94423171375195,0.49599999999999944,-0.01284844261131025,-0.029828884100461025
118,JN_north,-7.977750298833721,24.53,33.15531081536159,1.6635000000000018,-0.013531986152980593,-0.013171741423098815
118,JS_south,-1.2078338268350404,3.3025,5.404357676528015,0.3428749999999997,-0.011511281148761796,-0.015484017934306366
118,JW_west,-3.5645499942429444,10.8275,42.04420949459294,0.6738750000000006,-0.01162891883514948,-0.015148007422288015
118,JE_east,-1.63173413485181,4.56,12.491619881956264,0.3402499999999986,-0.01665728817750876,-0.02633790437082414
119,J0_central,-3.353803712561958,10.135,33.87557241453511,0.6124999999999993,-0.01177423639526967,-0.019331090403391146
119,JN_north,-7.057636461349464,21.555,23.985689408617368,1.6099999999999945,-0.011651079546733169,-0.013166295412628325
119,JS_south,-0.7576494728312033,1.7425,4.058762119824616,0.22512500000000008,-0.020357801920301927,-0.021012245219578115
119,JW_west,-4.883080028190883,15.01,32.70226073159002,0.920250000000001,-0.010713239814320747,-0.013445178164370193
119,JE_east,-0.9336350429419715,2.31,2.9315422192186906,0.2455000000000001,-0.02131857827629886,-0.01842183938496892
120,J0_central,-3.1549201716128525,9.3675,21.2432679348193,0.6261250000000005,-0.015117633237505528,-0.02452264546480089
120,JN_north,-5.1058876292853705,15.135,14.557887745360597,1.3184999999999996,-0.02134476500878112,-0.016439268883227737
120,JS_south,-0.8046125498789192,1.8025,3.136538246067659,0.30537499999999973,-0.02105314824064824,-0.018374521100333142
120,JW_west,-4.1232367667736325,12.59,35.851571524461995,0.8244999999999993,-0.009064160430662008,-0.011665349072655434
120,JE_east,-0.566571305053413,1.2925,4.548675588300588,0.18562500000000035,-0.012936355311355315,-0.014108381010812538
121,J0_central,-3.675692131940566,11.165,34.848833202991926,0.6410000000000001,-0.011935453027364788,-0.02113786946502273
121,JN_north,-6.613205973483317,19.88,19.397109678791256,1.6670000000000036,-0.01847701809615729,-0.01642498847390013
121,JS_south,-0.9864227736468827,2.4025,3.539939238049531,0.2811249999999996,-0.02214844183594183,-0.023361079206222643
121,JW_west,-0.9849142674206067,2.6075,10.106683531746036,0.25312500000000016,-0.012791486291486293,-0.019449214954223214
121,JE_east,-0.5413040480885885,1.2625,6.133912698412698,0.1306250000000004,-0.010461309523809524,-0.02359454720740527
122,J0_central,-2.8937499439883165,8.6975,40.7120107160642,0.5286249999999991,-0.011614719935637119,-0.017494268108733616
122,JN_north,-6.2943404163297725,19.0625,15.305781861635078,1.620125000000001,-0.010432005506790331,-0.007081724462274717
122,JS_south,-0.8226232785338163,1.945,3.7094053030303034,0.25175000000000003,-0.020086489898989902,-0.019968194583796797
122,JW_west,-2.7909657757610136,8.39,27.1851647572199,0.59225,-0.009319545446383682,-0.013231804328910947
122,JE_east,-0.9667490189530911,2.31,5.7101906022898685,0.22575000000000028,-0.025862575333163572,-0.026740851207999218
123,J0_central,-2.832782328927838,8.485,37.68672738172977,0.5142500000000007,-0.011435100385081037,-0.023938482255173733
123,JN_north,-5.078228945085726,15.12,16.924274101803366,1.3294999999999992,-0.01857024465194489,-0.013828760527922401
123,JS_south,-0.6461655050234346,1.3775,3.712229166666668,0.20762499999999937,-0.019525502275502274,-0.02506514643788035
123,JW_west,-3.7008122591206494,11.28,27.511793256629723,0.7655000000000001,-0.007474692342438676,-0.013459298319146067
123,JE_east,-0.46766238030636925,1.0725,3.7942351190476216,0.138625,-0.010339285714285712,-0.014879125482389129
124,J0_central,-3.803571916655709,11.5175,34.22241646408292,0.6843750000000018,-0.0120027630178559,-0.024217692406464618
124,JN_north,-5.4335832284003285,16.245,16.172254942491808,1.3792500000000023,-0.019001858594206382,-0.013646704696790898
124,JS_south,-0.9041848252285623,2.2675,5.13853227328227,0.2766249999999999,-0.01514351620601621,-0.020612109081384344
124,JW_west,-3.2554194288942084,9.8375,28.546177002059277,0.6808750000000007,-0.009914632806563923,-0.013164119412840024
124,JE_east,-2.042489754149734,5.705,7.155152894834787,0.4512500000000004,-0.025060425900209172,-0.023153549306488892
125,J0_central,-3.621743087447096,11.0025,45.433678478051554,0.6333749999999998,-0.012647786091187798,-0.01723417684933041
125,JN_north,-6.2182830344008515,18.8075,19.32679879046949,1.426625,-0.01774979779738487,-0.017000486615777594
125,JS_south,-0.7809720572544304,1.8825,4.176607163669663,0.2283750000000001,-0.015239746364746364,-0.023107626624161538
125,JW_west,-2.5034039555314807,7.52,26.404357834771446,0.5295000000000001,-0.008025540431790433,-0.011565340595076261
125,JE_east,-1.7569331928993877,4.81,7.9785670252949625,0.37024999999999936,-0.02553152199108081,-0.024952505380804558
126,J0_central,-3.188446323250901,9.6175,37.79085811045675,0.5998750000000016,-0.01227580620488902,-0.016339209399537476
126,JN_north,-4.792033825204599,14.1125,9.814219578322117,1.4788750000000004,-0.01457421804353235,-0.008599311288580285
126,JS_south,-1.1649920655366837,3.095,4.394217531339919,0.34675000000000006,-0.01554856922832928,-0.015086303492629707
126,JW_west,-1.84897435309811,5.365,21.922565514958904,0.37900000000000034,-0.012462940858161447,-0.019454018198762427
126,JE_east,-0.9507599264471228,2.4775,2.6389753383871035,0.2691249999999999,-0.015767018724739307,-0.0116928602068249
127,J0_central,-2.9954774695626987,8.9125,26.29800321170056,0.5991250000000005,-0.013975187136564846,-0.01877300651115792
127,JN_north,-3.3489530627300024,9.575,7.2551705835383515,1.0785000000000005,-0.019193819226389342,-0.014491796162463983
127,JS_south,-1.6106321088711488,4.48,5.592162964998055,0.41700000000000037,-0.016027298618302616,-0.016722620753252673
127,JW_west,-2.2884253864613076,6.76,22.814835677964133,0.5009999999999999,-0.010951810798850272,-0.013707979096963762
127,JE_east,-1.3591874387500216,3.6125,3.761512594227669,0.3211249999999999,-0.022963113071568942,-0.018166999559524274
128,J0_central,-3.482951675679094,10.61,47.01653467182324,0.612750000000001,-0.009847413111054752,-0.016618028796034422
128,JN_north,-4.5211199217139955,13.305,13.977578299107256,1.2412500000000006,-0.02263590601401717,-0.012185282710899628
128,JS_south,-1.256672781631987,3.425,9.937052998177938,0.3299999999999995,-0.01250940251269198,-0.02396547142320966
128,JW_west,-1.2817131870035396,3.59,13.921928120490618,0.3017499999999999,-0.011181637806637808,-0.019292585874120537
128,JE_east,-0.7381375552550158,1.6775,7.075249007936509,0.16162500000000027,-0.020980158730158727,-0.03090221769105578
129,J0_central,-2.899900155180965,8.6825,32.17487046622108,0.5598750000000006,-0.010903170155008395,-0.02208523924573684
129,JN_north,-4.632816451682368,13.8375,14.150037589039348,1.1793750000000005,-0.015912042156770518,-0.013193700294249815
129,JS_south,-1.2069554307906087,3.1025,6.463743530774781,0.3603749999999992,-0.020386190198690198,-0.02217781974357144
129,JW_west,-3.837814165505577,11.7125,30.1361786317937,0.7848750000000015,-0.008156800425822163,-0.013005661533224418
129,JE_east,-0.8479642536978251,2.1675,7.773214285714288,0.19887500000000052,-0.012547619047619047,-0.026753659074856967
130,J0_central,-2.095368670752633,6.1325,20.67599420579638,0.42437499999999967,-0.011236077808929972,-0.02170609718821449
130,JN_north,-8.072612294202896,24.77,23.541798120063945,1.777499999999998,-0.011651852762789749,-0.013815437385543411
130,JS_south,-1.0390926419550217,2.6325,4.11809435009435,0.2763749999999996,-0.019766601454101453,-0.022562489533327908
130,JW_west,-1.598801779538512,4.6775,15.664675130425126,0.37562499999999993,-0.007971355033855031,-0.01026767437568905
130,JE_east,-0.6093600204901776,1.3475,3.8760983044733046,0.18487499999999962,-0.018037365412365412,-0.018494268905245012
131,J0_central,-2.6893077757107244,8.0025,40.28780946137215,0.4608749999999975,-0.013420797952047947,-0.02378652990471829
131,JN_north,-6.712492094764762,20.39,18.37906721963436,1.5507500000000036,-0.015263204441315159,-0.013554738327046638
131,JS_south,-0.5083371032810645,1.0,1.8600892857142852,0.1572500000000001,-0.017825396825396828,-0.022596761624991833
131,JW_west,-3.7950752251262645,11.56,33.754532575927634,0.7397499999999994,-0.009748937428969227,-0.014781971038662921
131,JE_east,-1.2771492626051546,3.1925,6.919375145687643,0.2961250000000004,-0.028398913586413586,-0.03086279938449577
132,J0_central,-2.425328347012246,7.24,32.93171860084365,0.4530000000000006,-0.00955988455988456,-0.020228211886371927
132,JN_north,-7.0356421822622215,21.4025,17.895589034713694,1.643375,-0.015053158176942236,-0.013747061128870426
132,JS_south,-1.621142636397843,4.505,6.726670974536303,0.37749999999999995,-0.020582336931214636,-0.017180591311000238
132,JW_west,-1.4186625237137214,4.02,17.617457486957466,0.30725,-0.012326479076479078,-0.01986767960577863
132,JE_east,-0.7516998495363748,1.9325,7.8930884740259755,0.17262499999999992,-0.010383026695526695,-0.02456372346948637
133,J0_central,-2.2153007068723003,6.62,26.107811957038063,0.4377500000000002,-0.007283396138175551,-0.01692334475937535
133,JN_north,-8.72231386322299,26.96,34.371663390585624,1.7877499999999946,-0.011243183341145109,-0.013603077120453626
133,JS_south,-0.705370722390849,1.6575,4.1482840007215,0.1983749999999996,-0.017948502886002887,-0.02214945784224165
133,JW_west,-1.9405843820962434,5.7125,20.068661635341783,0.4456249999999995,-0.010473458526767348,-0.013106398593027195
133,JE_east,-0.5921563944622211,1.3525,3.7937787698412713,0.16512500000000008,-0.015758928571428573,-0.021753729664363487
134,J0_central,-2.719405847260008,8.1825,28.987884056088387,0.5223750000000021,-0.007023411175597707,-0.02061327988126788
134,JN_north,-6.924828007701375,21.0575,22.2801369697498,1.6213750000000005,-0.016080686182690887,-0.013357627218365729
134,JS_south,-0.725871652413922,1.65,2.8005007215007214,0.2454999999999996,-0.020728805916305916,-0.019765400240598367
134,JW_west,-1.3261043264099461,3.7225,16.091158730158735,0.3021250000000002,-0.012670634920634924,-0.02065841472778813
134,JE_east,-0.8134313322567805,2.115,4.841871933621928,0.21324999999999986,-0.013719336219336216,-0.01615641440445253
135,J0_central,-3.159402013771334,9.555,36.74452431415765,0.5729999999999994,-0.00945079573204573,-0.021292489446298437
135,JN_north,-7.586199288700662,23.3225,28.442096131926114,1.5791249999999988,-0.013700255654910464,-0.014154459481008906
135,JS_south,-0.8411474843007128,2.0075,7.178538419913419,0.20812500000000003,-0.01879915223665224,-0.03178131582667989
135,JW_west,-1.644114124030857,4.71,18.553442737817743,0.3587500000000001,-0.013150398212898215,-0.01941777075113655
135,JE_east,-0.877167768470762,2.22,5.747841092934845,0.23149999999999987,-0.016676306332556335,-0.019717322671944926
136,J0_central,-3.5367547831587562,10.8525,47.89270988039737,0.6208749999999997,-0.006725541013853709,-0.01405642995102954
136,JN_north,-2.042620687870933,5.5925,5.316202103281211,0.786875,-0.018647606478488822,-0.011059536725391577
136,JS_south,-0.9289155162276882,2.4,5.164149756697547,0.2664999999999999,-0.014325101369219013,-0.021944463676943964
136,JW_west,-1.9473346810219194,5.7375,21.564231836994725,0.4341250000000011,-0.009774983390792214,-0.016760591020126864
136,JE_east,-1.7713728824770771,4.9175,7.870182591101717,0.3846249999999997,-0.02325574513635659,-0.025502787383793565
137,J0_central,-3.097419605218499,9.2225,21.29854129102111,0.604874999999998,-0.014173718642468644,-0.0210906197416977
137,JN_north,-5.0965105209727355,15.3825,20.78596617728501,1.1461249999999992,-0.015504994098102708,-0.01602530659864311
137,JS_south,-1.3504125638061584,3.4625,5.4623015422077925,0.38612500000000033,-0.023015053777921422,-0.026201178815807614
137,JW_west,-1.7284709633509996,4.9475,20.35494507575758,0.39712499999999984,-0.012373411310911315,-0.017434484755752475
137,JE_east,-0.8011141188254066,1.8475,4.840045093795094,0.181625,-0.021421085858585855,-0.028461876123770078
138,J0_central,-2.6835817389095893,8.0875,32.34476087229773,0.47487500000000077,-0.008404145744606267,-0.01907049093032923
138,JN_north,-6.907715627450511,20.95,20.715979186426658,1.62475,-0.01811704481886468,-0.01394855593348961
138,JS_south,-0.7856967858657229,1.7275,2.4500529817404817,0.22587499999999977,-0.028877324064824066,-0.019244687026195834
138,JW_west,-2.6695750165429275,8.0475,34.56073512292442,0.5331250000000003,-0.010301549961476433,-0.013535737623167152
138,JE_east,-0.470750803698996,1.07,3.9033205683205643,0.1397500000000001,-0.012119137806637805,-0.015210911588296986
139,J0_central,-2.8960184711364194,8.8275,52.54856204559324,0.5111249999999999,-0.005975540799070211,-0.016992656974045128
139,JN_north,-7.732088576120503,23.7125,23.065383039158842,1.7006249999999963,-0.013774724879558282,-0.013663185062288039
139,JS_south,-0.784086338490747,1.88,6.110468253968253,0.20350000000000018,-0.01978075396825397,-0.024090743525668992
139,JW_west,-1.1684601441541367,3.27,13.101538718226227,0.2887499999999999,-0.010645770895770896,-0.01782760403857133
139,JE_east,-1.1410681161914311,3.04,6.579042536099518,0.2754999999999998,-0.01693465664237722,-0.024896875690703157
140,J0_central,-2.2219132536135384,6.5425,28.074657849707464,0.44037499999999885,-0.011398387978980082,-0.020680495705923077
140,JN_north,-7.535298419354266,22.925,20.260555917182877,1.7472500000000037,-0.016823741008515993,-0.013353969176864669
140,JS_south,-0.7303821498815498,1.7775,2.704656576062825,0.22612500000000002,-0.014412635975135972,-0.017217347023954905
140,JW_west,-4.122601906055088,12.6025,37.67035624960438,0.8256249999999993,-0.009959470490797052,-0.010785138821572081
140,JE_east,-1.4336171129760424,3.955,7.668470789627044,0.3197499999999997,-0.016199797139135365,-0.02369817566120336
141,J0_central,-2.261858505330571,6.6725,25.867740398490387,0.44812500000000144,-0.011313318625818622,-0.023266479802062767
141,JN_north,-6.907731515950916,21.15,25.336786331104477,1.6267500000000001,-0.007481563064612595,-0.007336031688106639
141,JS_south,-0.8888380897893726,2.29,3.5260484584859575,0.2727499999999999,-0.014435276529026524,-0.012605034946301332
141,JW_west,-1.6197328056017772,4.595,13.786754925629925,0.38299999999999995,-0.013059398934398931,-0.0192045868390727
141,JE_east,-0.43129007925555124,0.9625,3.8842113095238076,0.13337500000000005,-0.010166666666666668,-0.014533804335289962
142,J0_central,-3.6565445184654117,11.1525,47.394740785884636,0.6186249999999973,-0.01281893208915268,-0.01716003496982949
142,JN_north,-7.209578413738403,22.04,25.05366586590224,1.5940000000000014,-0.014773934391615007,-0.009935438801010242
142,JS_south,-0.9774903095336899,2.5325,5.8475292460807164,0.2558749999999996,-0.013257521277741866,-0.024526169483339046
142,JW_west,-1.3313476615501683,3.7325,14.37722619047619,0.31837499999999974,-0.011593795093795095,-0.016239160951443857
142,JE_east,-0.5214978879235265,1.1775,3.3855750360750365,0.14312500000000036,-0.013959325396825397,-0.014937948380546911
143,J0_central,-2.9084992527516897,8.6775,32.3762103584733,0.5596249999999996,-0.012729403970212798,-0.020761609630014832
143,JN_north,-6.124963655814509,18.4525,18.542325906408593,1.4431249999999993,-0.01983068751784473,-0.015831955142427787
143,JS_south,-0.9631020357719814,2.5375,4.282067571317569,0.30437499999999984,-0.01230792818292819,-0.01177054345845736
143,JW_west,-1.75800399841959,5.09,24.593805132818726,0.38374999999999965,-0.009953674539684602,-0.0203259088903717
143,JE_east,-1.054084648468243,2.665,5.786275380869127,0.22800000000000012,-0.022290737040737044,-0.024636077662065894
144,J0_central,-2.6870895286123657,8.045,28.125415825692553,0.4977499999999987,-0.011898986172496231,-0.017787559381994084
144,JN_north,-6.285933620235883,18.95,17.102850221426998,1.562999999999998,-0.016188741521578516,-0.01364597014150092
144,JS_south,-0.7676418238545177,1.715,5.757497023809524,0.2134999999999999,-0.020935515873015877,-0.030308136072223237
144,JW_west,-2.334428938925097,6.9325,28.285373350097622,0.49512500000000026,-0.01126494338994339,-0.013009374815193571
144,JE_east,-0.3164072687819885,0.6325,0.4833829087579086,0.12337500000000017,-0.009999757187257187,-0.007924005250354834
145,J0_central,-2.9617220323465734,8.865,31.375708129235303,0.5329999999999998,-0.013419202325452325,-0.02451387977377221
145,JN_north,-7.850436933308069,24.025,23.637149622243072,1.715499999999997,-0.014561736622716238,-0.014319922771790021
145,JS_south,-0.8119929489431198,1.9875,4.569279415029417,0.26762499999999995,-0.013838952713952716,-0.01971114036122544
145,JW_west,-2.15978208211288,6.4525,23.241820400188026,0.47712500000000035,-0.006022618721148134,-0.011971541928117255
145,JE_east,-0.40714510746337046,0.73,1.7724430014430004,0.11874999999999986,-0.01797321428571429,-0.01790781569194708
146,J0_central,-3.0009957222308348,9.045,33.52011676376169,0.5439999999999992,-0.011027520832280892,-0.017269079354675865
146,JN_north,-5.449888486501652,16.3675,14.853682494087781,1.4158749999999996,-0.014460995233511962,-0.01025798433476855
146,JS_south,-0.8159726292981757,1.805,4.9760631729381775,0.2297500000000006,-0.023545211732711735,-0.032883264485027625
146,JW_west,-2.0407065632972157,6.0325,20.19857124819625,0.4476250000000001,-0.008632097069597071,-0.015726768142336187
146,JE_east,-1.222653692304256,3.1825,6.411816354397233,0.29237499999999966,-0.022601614684335285,-0.02256403860900957
147,J0_central,-2.098314703159032,6.0875,29.83008457514701,0.38362500000000066,-0.011641847735597734,-0.031495981823933955
147,JN_north,-6.6789961533941025,20.25,18.314345414988715,1.5804999999999987,-0.015864317414331263,-0.013620435425626281
147,JS_south,-0.699421051732931,1.4425,2.231269841269842,0.19387500000000008,-0.026946067821067815,-0.025247258578198258
147,JW_west,-0.5742559200026753,1.425,4.634035714285715,0.16899999999999993,-0.008648809523809526,-0.014764088456216
147,JE_east,-0.8254424594309826,2.0075,2.918464157370406,0.21887499999999974,-0.020092806907145145,-0.01689111471203103
148,J0_central,-3.045998860451156,9.1125,36.0591883441314,0.5666249999999994,-0.013222522983552396,-0.023925529589556356
148,JN_north,-4.657120167319757,13.8075,15.36034199260472,1.1821250000000008,-0.020838427243896427,-0.014797742566585191
148,JS_south,-0.8752358014557493,2.06,4.970346833721837,0.2765,-0.018847881285381285,-0.026800674530868287
148,JW_west,-2.8803100339522896,8.64,25.012869824802387,0.6027499999999998,-0.010647159417380007,-0.01390209544914233
148,JE_east,-0.31524203253011723,0.655,4.548761904761904,0.08899999999999993,-0.006261904761904762,-0.017143731376744117
149,J0_central,-2.899493179199894,8.615,26.69654093584434,0.5750000000000002,-0.012451930637302154,-0.02101102903059974
149,JN_north,-4.852330465498121,14.4825,14.541110429261678,1.3303750000000003,-0.01413750164263468,-0.006438298005172856
149,JS_south,-1.256710556506717,3.115,3.8542679970528275,0.3764999999999992,-0.026779268536331204,-0.025230176275228198
149,JW_west,-1.2874463055575012,3.5525,13.849463772338787,0.31162499999999993,-0.01284623015873016,-0.01953689674462286
149,JE_east,-0.7467967101798688,1.725,1.8198482504015585,0.21725000000000003,-0.02265993556666931,-0.012959085535958923
150,J0_central,-3.0246069112096396,9.0475,28.76192860244332,0.5876250000000001,-0.012156083349485054,-0.019271354341316074
150,JN_north,-3.8588545975072024,11.2625,9.34482841775565,1.0373749999999995,-0.022283396198789523,-0.016581474907143828
150,JS_south,-0.9682217099383782,2.3775,2.138498715028938,0.30587500000000006,-0.019621977835676686,-0.02039357703051288
150,JW_west,-1.209917553060936,3.32,12.517867902930416,0.3077500000000002,-0.012944291819291822,-0.016279463632753864
150,JE_east,-0.9321940868430094,2.4,4.855198239260745,0.2494999999999994,-0.014642905705405704,-0.019908695808506148
151,J0_central,-2.1270221175692736,6.235,25.366722673568223,0.43875,-0.008273164808188026,-0.023983155973225187
151,JN_north,-5.359690564682357,16.215,20.386785989668155,1.3560000000000019,-0.011515270763375784,-0.0071339406245527525
151,JS_south,-1.2202541243144973,3.0025,5.370700084637584,0.29737499999999956,-0.029022692585192585,-0.034315915886079316
151,JW_west,-2.1373684834692233,6.31,18.806506109978343,0.4782499999999997,-0.010300534336234797,-0.01642224108583773
151,JE_east,-0.8513598642811039,2.1125,1.74428422965923,0.23162499999999966,-0.020291465478965473,-0.01505935363495061
152,J0_central,-3.5421027558327616,10.74,35.8980658637136,0.6315000000000021,-0.011807589737833548,-0.020255625012367905
152,JN_north,-5.4127075511214535,16.31,17.974175179823764,1.3392500000000032,-0.014831675682035987,-0.010079496617804207
152,JS_south,-1.1341278392611316,2.935,4.556088064820456,0.31324999999999975,-0.01859564094316416,-0.021529727534822428
152,JW_west,-1.013760574869376,2.6425,10.629007936507929,0.25112500000000015,-0.015360119047619048,-0.022628650077807743
152,JE_east,-1.0178009628379163,2.735,5.357454940484351,0.23824999999999985,-0.01341967856489915,-0.01755619526887694
153,J0_central,-2.6406025203485033,7.905,35.392973312839096,0.499500000000001,-0.010582358828392112,-0.02094311552816733
153,JN_north,-7.916531284955791,24.2625,25.372088700474634,1.742375000000002,-0.013853543597137282,-0.012318174656654366
153,JS_south,-1.0145873512162735,2.52,6.223393045679811,0.2627499999999999,-0.02080185092685093,-0.027294189462617604
153,JW_west,-2.6223635185587777,7.9975,24.084556666168833,0.5738749999999996,-0.003314605275615335,-0.006606637261958893
153,JE_east,-1.0806443871694191,3.005,4.696694616045719,0.26674999999999927,-0.010938990500813251,-0.011629858504285854
154,J0_central,-3.3984337237341338,10.2375,32.99938673254843,0.628375,-0.01324789917040304,-0.017203285894683944
154,JN_north,-4.522088525588761,13.35,10.647395353895556,1.2517500000000015,-0.01751609237409659,-0.01374363268873605
154,JS_south,-0.6326706279628467,1.2225,1.9096189574314573,0.21262499999999981,-0.02353183621933621,-0.028989074262679417
154,JW_west,-1.4722141359875893,4.2025,13.78101669164169,0.3506249999999998,-0.009849268786768785,-0.01526724685646956
154,JE_east,-1.9964555711627372,5.56,8.047939205531316,0.4302499999999998,-0.025153114805301326,-0.023559599397712284
155,J0_central,-2.926478498223972,8.795,35.52866556149816,0.5185000000000004,-0.012366611684239392,-0.02300996281384189
155,JN_north,-6.662432004403484,20.2175,20.670684387102206,1.6058749999999977,-0.012609506350943166,-0.013819374640141489
155,JS_south,-0.7129560349514844,1.6725,1.9348710733710732,0.24262500000000034,-0.016294670607170613,-0.01610597927357634
155,JW_west,-1.7880185831995357,5.1725,22.491214153289526,0.38737499999999947,-0.011612832633053218,-0.018629348332895687
155,JE_east,-0.27046331848776783,0.51,2.0540909992785,0.09949999999999994,-0.00863401875901876,-0.00985500066209752
156,J0_central,-2.6631610075142045,7.87,25.57986528136895,0.5360000000000019,-0.012159463494022311,-0.022741078985881326
156,JN_north,-6.036590024502765,18.26,15.886835608851868,1.5135000000000007,-0.012357810814693868,-0.00921602172062518
156,JS_south,-1.408118418663519,3.635,6.8404643901312845,0.3674999999999999,-0.02427467973688864,-0.030838046495515123
156,JW_west,-0.8681251138990218,2.2975,7.341955357142858,0.23987499999999998,-0.010484938672438673,-0.015084496774392123
156,JE_east,-0.627522875839284,1.2925,4.614995102120104,0.18437500000000004,-0.023045634920634925,-0.022456637124032085
157,J0_central,-2.8522295174836416,8.4425,28.40599587830474,0.5443750000000002,-0.015479339492207138,-0.024200602662576554
157,JN_north,-4.6309621752652035,13.7575,13.353148963544768,1.2258749999999998,-0.0162078161699305,-0.011975957715569658
157,JS_south,-1.4218511273051695,3.6775,6.467521950271955,0.390625,-0.023208172965235654,-0.027207041747289717
157,JW_west,-0.7483200795361755,1.9475,6.4574037698412665,0.21212499999999962,-0.008888888888888889,-0.012514728053659158
157,JE_east,-0.3988544794764438,0.7725,2.219523996836496,0.11837500000000006,-0.012433351370851371,-0.019233271818886125
158,J0_central,-2.311479018894041,6.875,37.23351282398163,0.43849999999999967,-0.008511537074037071,-0.023714072979020534
158,JN_north,-7.974149662900106,24.48,24.347649602336368,1.7117499999999972,-0.014240604961918295,-0.014199281971218272
158,JS_south,-1.173038554854972,3.24,4.847565472743669,0.3259999999999997,-0.01166167787311699,-0.013953545670657047
158,JW_west,-1.5576402176208106,4.4925,14.811278925935175,0.3546249999999999,-0.010292596292596285,-0.017508331004877208
158,JE_east,-0.7544504467615977,1.8075,4.285138486513486,0.19987500000000005,-0.018691496003996003,-0.020878696296772165
159,J0_central,-2.997551069514909,8.9775,37.159463085117515,0.5421250000000013,-0.012698092960960613,-0.02331308254142767
159,JN_north,-5.264999904275244,15.6775,15.516484530116724,1.3143750000000014,-0.02165207580941212,-0.016890419653132357
159,JS_south,-0.74450868774492,1.71,3.0827349386724365,0.229,-0.01813958957708958,-0.023357276968775584
159,JW_west,-2.4168196233892085,7.225,24.946589422176977,0.5337500000000003,-0.007590904344193818,-0.012921957873158623
159,JE_east,-0.549131017157343,1.2275,3.909681998556999,0.16337500000000035,-0.01571130952380952,-0.013957891808186913
160,J0_central,-3.372234031963393,10.1925,32.37894422618154,0.6286249999999982,-0.00960395620031843,-0.021889650544430685
160,JN_north,-5.6394212288928705,16.9325,15.935748972801372,1.3806250000000007,-0.01968384056885875,-0.013928306823969385
160,JS_south,-1.4078616675126343,3.7675,4.247131793840126,0.41412499999999963,-0.01904633435935596,-0.019467291657610776
160,JW_west,-2.8274560790022036,8.575,26.068936168975924,0.6180000000000009,-0.004966493881935059,-0.012757848595944605
160,JE_east,-0.8203929254939192,1.8925,2.834673132423133,0.23687499999999972,-0.024498230935730926,-0.01994067920731553
161,J0_central,-2.621471558083657,7.755,23.972602775696572,0.4984999999999996,-0.013424318736818732,-0.0251768239313392
161,JN_north,-6.378015030288993,19.6,23.566551456757516,1.4365000000000014,-0.005623770689984383,-0.00604876968271418
161,JS_south,-1.3540172044946492,3.5825,6.3764359326711295,0.37762499999999954,-0.018533699234108934,-0.023231285425234432
161,JW_west,-3.1535792449511804,9.545,29.210089289860072,0.6582499999999994,-0.00792842902337787,-0.013056731180327153
161,JE_east,-1.6730276567560542,4.5325,8.939879543863013,0.3553750000000003,-0.023806734126296816,-0.030391424325466966
162,J0_central,-2.8506532415941637,8.405,25.660306303990147,0.5457499999999986,-0.015680516787134426,-0.027011478372683476
162,JN_north,-6.779985487665951,20.3075,14.776007179606925,1.7316250000000013,-0.021061831507681598,-0.015788898276637525
162,JS_south,-0.8381353754821066,2.03,3.815179029304031,0.26775000000000004,-0.015410742035742036,-0.020197815864563526
162,JW_west,-0.9651265571238854,2.4475,8.474192460317463,0.24312500000000004,-0.01566468253968254,-0.024127305425602274
162,JE_east,-0.8481350167280839,2.17,6.043027850621602,0.2142500000000002,-0.013868145743145741,-0.016079127219043768
163,J0_central,-2.52591178616282,7.5975,29.55372859779118,0.47787499999999944,-0.009106254856254858,-0.014345503462284947
163,JN_north,-7.877380446478354,24.1125,23.05156869853795,1.7243750000000022,-0.015825858898295575,-0.01448807113718253
163,JS_south,-1.5494906133785409,4.28,9.491246749369918,0.34149999999999975,-0.018686951936951933,-0.025696671990636008
163,JW_west,-1.0017182211961433,2.69,14.175090187590186,0.2532500000000006,-0.010198232323232324,-0.024769774933736076
163,JE_east,-0.5152919925779583,1.15,2.6390286796536797,0.14100000000000004,-0.013442966755466756,-0.021282324544057186
164,J0_central,-2.401280722969217,7.2575,56.9912327672326,0.406875,-0.009037726162726164,-0.01570663091965576
164,JN_north,-8.021727504510201,24.735,32.1310512369097,1.7060000000000002,-0.010841213994389351,-0.008572991106403752
164,JS_south,-1.0466405208402283,2.5925,7.356912642912647,0.26562499999999956,-0.020085525585525586,-0.03534997029357454
164,JW_west,-2.153076491923238,6.4325,30.214188117438127,0.4291250000000002,-0.009824680071390597,-0.013695069620416294
164,JE_east,-0.502531786867066,1.235,2.2384264346764344,0.13700000000000015,-0.009981240981240978,-0.01147506481770423
165,J0_central,-3.212444697712337,9.7275,35.29737923085891,0.5913749999999992,-0.00871824274581628,-0.019634679894152553
165,JN_north,-4.027113875474826,11.85,12.396762806788802,1.0769999999999995,-0.020458857045952718,-0.014641552376714622
165,JS_south,-0.8892256551844774,2.0975,3.273978375790876,0.27062499999999934,-0.023792686480186474,-0.021194118645956706
165,JW_west,-2.1721558543189707,6.3725,29.09332746073374,0.4561249999999996,-0.013588728673287498,-0.01909411273044991
165,JE_east,-0.5850274744476543,1.43,5.928261904761905,0.14775000000000013,-0.010002976190476189,-0.02212555400182029
166,J0_central,-2.5864559217211482,7.6575,25.03525161909175,0.5431249999999993,-0.011869511819879464,-0.017031454472311726
166,JN_north,-5.571375067250975,16.685,16.031766424513023,1.4055000000000024,-0.01882233217943091,-0.013187191357030836
166,JS_south,-0.967397459530905,2.355,3.7922045593295586,0.3012499999999997,-0.021079163891663893,-0.02069380821641379
166,JW_west,-1.7334300607290607,5.115,16.39369170420438,0.40575000000000006,-0.006581095987345984,-0.010280278576285327
166,JE_east,-0.9906437681681922,2.525,4.207420247751904,0.2834999999999995,-0.0192333152958153,-0.014094084024679245
167,J0_central,-2.4174232802507505,7.0625,21.61177304109287,0.4928749999999997,-0.012159118659118655,-0.023535647371579253
167,JN_north,-5.703383503476338,16.975,14.560294652117296,1.4982500000000016,-0.020619712218423954,-0.016995852532992014
167,JS_south,-0.8654483394811137,1.8775,4.313833333333334,0.265625,-0.028510912698412706,-0.02781901933540701
167,JW_west,-1.1162142607177952,2.9825,13.139696608946613,0.28687499999999977,-0.013344155844155846,-0.022181372089389213
167,JE_east,-0.7997880436515588,1.8325,2.5940007215007213,0.22587500000000002,-0.02341300366300365,-0.020446144009152137
168,J0_central,-3.185963823282948,9.6425,34.63605328882707,0.552124999999999,-0.01125874309514016,-0.01896049607782208
168,JN_north,-6.795403718809609,20.6375,23.27717676934463,1.5771250000000012,-0.015958946976423707,-0.01435199886860379
168,JS_south,-1.0804569511046374,2.68,6.436846958596956,0.27000000000000063,-0.024321518759018758,-0.025665935559631637
168,JW_west,-1.057558332994047,2.855,10.793904852092345,0.2637499999999999,-0.011862408424908419,-0.020051902339613528
168,JE_east,-0.28438844062517804,0.445,2.388369859307359,0.11700000000000013,-0.014580357142857143,-0.010184584360305867
169,J0_central,-2.71175916721014,8.0675,24.37801615544541,0.5388750000000005,-0.01168184410618621,-0.019707455939423447
169,JN_north,-6.923893963549619,21.105,18.507118588136528,1.636499999999998,-0.011336492434429251,-0.010698906582552103
169,JS_south,-0.9317889069724841,2.2825,3.5062309079809104,0.26462499999999944,-0.019373765123765124,-0.02370944657064237
169,JW_west,-1.7709492978914056,5.135,19.459111131923624,0.40899999999999986,-0.011925657675657673,-0.012378660650372419
169,JE_east,-0.8930680381680084,2.18,2.041697649207518,0.23725000000000013,-0.021409154366874947,-0.018741789060630815
170,J0_central,-3.3099609488821806,10.0375,28.559743184060522,0.6446250000000007,-0.008203101239575693,-0.014659489788256746
170,JN_north,-4.84167171427624,14.4625,15.54773018442552,1.1938750000000005,-0.01949196717118277,-0.015446587970588732
170,JS_south,-1.1244528221970016,2.995,5.940149387463239,0.30675000000000036,-0.014501446212456272,-0.022507194327785106
170,JW_west,-1.5290186000025625,4.33,11.000453976578974,0.3560000000000001,-0.014274566732287322,-0.01771978193098744
170,JE_east,-1.5282768265317355,4.175,5.30834857442394,0.36549999999999977,-0.021709946099651975,-0.02058544677716298
171,J0_central,-2.098266812086742,6.26,27.086457334332312,0.4129999999999998,-0.005649801587301587,-0.01496663377220442
171,JN_north,-7.203204925752375,21.9475,18.89526809119556,1.6641250000000019,-0.015242693667989643,-0.01610217711891084
171,JS_south,-1.2889557447211428,3.37,5.823264527139531,0.31800000000000056,-0.02484362165612165,-0.023519016632964934
171,JW_west,-1.3569276361727645,3.8475,14.558278800888223,0.31687499999999996,-0.011312825042604453,-0.019875703892569152
171,JE_east,-1.1738397700171732,3.0,6.228778729408277,0.2699999999999998,-0.024969932844932843,-0.02834525130895333
172,J0_central,-3.595218986087769,10.7575,31.037077829882023,0.6438749999999998,-0.015199215870558747,-0.03009729431905656
172,JN_north,-4.668918965493326,13.6675,11.763836894327182,1.256374999999999,-0.02547887762141773,-0.016981822822560517
172,JS_south,-1.0556517147385773,2.4775,2.955630142381494,0.3091250000000001,-0.02700029575734162,-0.027132152105376017
172,JW_west,-2.0308998353557466,5.95,22.494869824619826,0.43650000000000033,-0.0107518315018315,-0.015396123052735975
172,JE_east,-0.7675261801293389,1.93,4.434651334776339,0.2069999999999997,-0.014000631313131314,-0.013012295911283674
173,J0_central,-2.4544789083406204,7.3175,34.38112340804626,0.4756249999999994,-0.01061648421023421,-0.015511999367663813
173,JN_north,-6.377505791071923,19.435,20.507615080042687,1.544000000000001,-0.009475566872800663,-0.007597494143724573
173,JS_south,-1.098132270648546,2.8,3.4648340316154913,0.3129999999999999,-0.020685538690027004,-0.019785804388972098
173,JW_west,-3.04661210497023,9.1575,27.451332383297878,0.5936250000000004,-0.01282869616523984,-0.017949077861781692
173,JE_east,-0.9557308760115778,2.3425,4.183779435841933,0.26762499999999995,-0.02188017538017538,-0.021029765345116688
174,J0_central,-2.278800481025762,6.7725,42.28272669691432,0.39462500000000184,-0.010300775613275614,-0.020778496005649693
174,JN_north,-6.742051793969226,20.5125,32.15459544223157,1.5208750000000018,-0.015981391879607846,-0.01576539167231719
174,JS_south,-1.1472331086774739,2.805,7.620980158730158,0.2675000000000001,-0.028209956709956713,-0.03191588695056958
174,JW_west,-2.6510765530046543,7.9775,28.705791557341833,0.5373750000000004,-0.009585681421691482,-0.014042047334822377
174,JE_east,-1.1947058057675868,3.2125,5.463969196857065,0.2733750000000001,-0.017427191884912468,-0.020602897558238027
175,J0_central,-2.8041598726715615,8.345,31.080427125774534,0.5280000000000007,-0.01214246211305035,-0.02235195962389134
175,JN_north,-5.621571379582923,16.77,18.173826828059006,1.439000000000003,-0.020268435141190918,-0.01662213982543424
175,JS_south,-1.8289127720075402,4.995,6.774628931202601,0.47599999999999926,-0.022254955851302095,-0.026026534262466372
175,JW_west,-2.893605196517391,8.7175,38.636363696191594,0.5591249999999998,-0.011169106478316999,-0.015243619949852802
175,JE_east,-1.3075534377020213,3.5075,3.894679148154473,0.30462499999999965,-0.01999478824623948,-0.01982853612236178
176,J0_central,-2.434154007673896,7.225,34.279600558142846,0.4392499999999995,-0.01104847338119397,-0.0219806638770186
176,JN_north,-8.12289465564154,24.965,29.326921548837277,1.6827499999999997,-0.01492255041617197,-0.01592997839914443
176,JS_south,-1.2593621375693416,3.18,6.034851151911818,0.29800000000000043,-0.02652813078519347,-0.030612268440492998
176,JW_west,-2.8347839152731513,8.5725,30.597669526347843,0.5948750000000005,-0.007605592324342326,-0.012223253444525484
176,JE_east,-1.1215844161634814,2.8825,5.080889567336262,0.27037499999999987,-0.022294352502073088,-0.021076603445364935
177,J0_central,-2.8795188707103407,8.6225,30.349450779000318,0.5651249999999992,-0.011607757846728435,-0.01729611723457683
177,JN_north,-5.190921813088506,15.645,16.497933930636137,1.253750000000002,-0.014745366379107836,-0.012177232749756572
177,JS_south,-0.974653516810077,2.38,4.8148068181818156,0.28049999999999986,-0.020929501054501046,-0.024320247922057194
177,JW_west,-4.642638045835571,14.26,40.569482638738116,0.8829999999999997,-0.010277991083651699,-0.012566287361927301
177,JE_east,-0.5296571626760986,1.185,2.1910544594294588,0.15899999999999997,-0.015247835497835498,-0.013501234746731972
178,J0_central,-2.4162228383902846,7.1675,53.58104500360732,0.38537500000000124,-0.012497113997113996,-0.029142117774656334
178,JN_north,-7.974550039001441,24.495,29.322955263044836,1.6479999999999988,-0.014858574884637252,-0.016181468292016755
178,JS_south,-0.9118331392455837,2.2775,8.656074501887002,0.23212500000000003,-0.015185453435453437,-0.02901207203704395
178,JW_west,-2.3773935645438997,7.1075,37.30608050976802,0.4851250000000006,-0.008862193362193363,-0.015150434869352889
178,JE_east,-1.4442162766936668,3.9225,5.391774371461874,0.333375,-0.0202748440285205,-0.02054266427841915
179,J0_central,-2.2415049747981572,6.505,20.370640116623548,0.45724999999999844,-0.012205498749616395,-0.027966266790812933
179,JN_north,-5.608084176876435,16.9125,16.508609708407022,1.481624999999999,-0.009626094113541716,-0.008652604404749515
179,JS_south,-1.1953660094815561,3.025,7.2609728327228265,0.3272500000000004,-0.023068542568542565,-0.024968649569805716
179,JW_west,-1.9161840682331908,5.535,13.596068058575417,0.4242500000000001,-0.01371670486376368,-0.017707273207568847
179,JE_east,-0.6097886059974712,1.1875,2.2813727383727387,0.16337500000000013,-0.025328553391053384,-0.02673617077148558
180,J0_central,-2.4503483498622076,7.215,24.321408733627454,0.4657500000000006,-0.012886449334978744,-0.02389066614797784
180,JN_north,-4.966545573856044,14.7525,13.517126894369328,1.331125,-0.017674358062068588,-0.013656692437874778
180,JS_south,-0.6512257243121347,1.36,3.5974703907203907,0.2260000000000002,-0.020252976190476182,-0.024193972344897726
180,JW_west,-1.779235639860337,5.18,20.346453144078136,0.38749999999999984,-0.010119921744921741,-0.01630656623288589
180,JE_east,-2.0668115183376194,5.8725,12.667890025673502,0.4336250000000002,-0.019772285785250174,-0.025169845370706642
181,J0_central,-2.547751951879059,7.55,30.735111706716534,0.4582500000000008,-0.011599695507880488,-0.02966273248888393
181,JN_north,-5.346291499060344,15.985,13.078768519586985,1.5042500000000003,-0.012782876139237447,-0.006201363674200714
181,JS_south,-1.017183736520834,2.5775,4.4661627951297,0.2783749999999996,-0.019625277500277493,-0.01954772900184291
181,JW_west,-0.8234701944300966,2.1775,7.36250892857143,0.2221250000000001,-0.010637896825396828,-0.01359690964367579
181,JE_east,-0.4712799251890133,1.0425,0.6155313714063714,0.18337500000000012,-0.012859968258865316,-0.008009096439462779
182,J0_central,-2.7086317069492383,7.98,24.895854391727557,0.5387499999999991,-0.013422939665683468,-0.02597076640031185
182,JN_north,-6.069017993791299,18.3,18.41528337994512,1.3912500000000012,-0.01995695629750175,-0.01750616648621139
182,JS_south,-1.3245131524819675,3.5,5.197219966716289,0.3899999999999998,-0.019105261922889617,-0.01757048176807589
182,JW_west,-2.3491344394563636,6.92,20.3011236673973,0.5117499999999999,-0.011837279604210717,-0.016788581051972437
182,JE_east,-1.36890277629687,3.7275,7.695477310883556,0.3058749999999998,-0.01700145381579205,-0.023518563943272456
183,J0_central,-2.402107020053495,7.1575,34.931047744126765,0.4281250000000002,-0.010563908313908315,-0.018571837322125043
183,JN_north,-8.02792737268956,24.695,31.091236098104613,1.6560000000000032,-0.01413832497681553,-0.015403965588832702
183,JS_south,-0.859253859427936,2.02,4.641603126040624,0.2327499999999997,-0.021425262237762244,-0.027587365805655188
183,JW_west,-2.022130380849544,5.96,25.453984196359198,0.4462499999999999,-0.009971320346320346,-0.014635481245062469
183,JE_east,-1.561647945540795,4.16,5.996910923431146,0.34074999999999955,-0.02737770011850894,-0.02670331416021833
184,J0_central,-3.361366161152564,10.085,38.17560004395114,0.5772500000000008,-0.013781565860609982,-0.028949133004674676
184,JN_north,-5.285950206448275,15.7125,13.294975533291995,1.4411250000000022,-0.017172213516618545,-0.013219253571982741
184,JS_south,-0.9156319302812785,2.215,5.428354347041846,0.2427500000000004,-0.019965076590076583,-0.025459207804837805
184,JW_west,-2.6405823166177673,7.89,27.224492087623016,0.53275,-0.011657615410904881,-0.013953053921011382
184,JE_east,-0.8826723865569411,2.0775,5.0953510725385724,0.1976250000000004,-0.02297522616272616,-0.02884781201104575
185,J0_central,-2.508328852483933,7.4925,30.876866316893835,0.4686249999999976,-0.010098931705549354,-0.021060921293603423
185,JN_north,-6.674790156458665,20.3575,23.05431324058926,1.5618750000000032,-0.013075805036372415,-0.00670038393285348
185,JS_south,-1.454776113236492,3.9575,6.6117700507917,0.3971249999999995,-0.0176402252337035,-0.01999481182843992
185,JW_west,-1.9122582128123233,5.6175,27.509952785400433,0.4173750000000001,-0.009047255086245022,-0.018180786985001612
185,JE_east,-0.8716559266714813,2.245,3.5833817024478782,0.23249999999999976,-0.014986417381637964,-0.016637988176097632
186,J0_central,-3.48413482626894,10.48,38.79663564863287,0.6375000000000001,-0.0122947712010212,-0.025276715534713588
186,JN_north,-2.973001631184149,8.525,9.067753533378562,0.8917499999999997,-0.01849815012873872,-0.015448169069207617
186,JS_south,-1.2283115359250412,3.1475,3.712289354683414,0.3728750000000002,-0.021469876947527868,-0.020130054392680088
186,JW_west,-1.1479030894072109,3.145,14.074180375180363,0.2802499999999999,-0.011375000000000001,-0.019431773502584612
186,JE_east,-1.5840281231540105,4.335,6.285905106535624,0.35624999999999973,-0.02237205131255053,-0.020101662094608536
187,J0_central,-2.3866729224167873,7.045,22.933646718273497,0.47574999999999973,-0.01019980878040089,-0.02178002803523565
187,JN_north,-6.6975590764418405,20.375,22.20267999221083,1.505250000000002,-0.016237455910932598,-0.015948589663189076
187,JS_south,-1.255180083865568,3.2075,6.375209217865466,0.3336249999999999,-0.023582278832278824,-0.027265786071686757
187,JW_west,-1.4111250404234124,4.01,15.829218090936834,0.32825000000000015,-0.011120941558441557,-0.016822857535201474
187,JE_east,-0.4885036661436347,0.9575,0.5894067529692529,0.15062499999999995,-0.020836968586968582,-0.01574085282399474
188,J0_central,-3.5103360479395254,10.6375,40.063302649696,0.6028749999999994,-0.01080915458595412,-0.02311657906078206
188,JN_north,-5.686239683105437,17.0925,18.128701129323893,1.3798750000000024,-0.019383638268949063,-0.012995341294392736
188,JS_south,-1.036084584486097,2.475,6.428897997835495,0.2615000000000003,-0.025793740981240976,-0.03227378520399243
188,JW_west,-2.0503094243559916,6.075,26.066922643328926,0.4332499999999997,-0.009266521672771671,-0.01494175341011243
188,JE_east,-0.8427354109264811,2.0425,1.403940271534022,0.24087499999999987,-0.021445332853421085,-0.014438968743733974
189,J0_central,-2.416713788311099,7.23,29.97864348347298,0.4567500000000001,-0.009788172353961828,-0.017084162145019125
189,JN_north,-6.66041467666244,20.3325,17.531606097675596,1.6628749999999977,-0.0060926521822761235,-0.005881285521568484
189,JS_south,-1.3018909135938008,3.435,7.649406671555573,0.3369999999999997,-0.020404511542379194,-0.024346005586991147
189,JW_west,-1.2587181983787628,3.53,12.498507760009607,0.28175000000000006,-0.012023061701370524,-0.01775077258199292
189,JE_east,-0.8399650707197843,2.1275,4.027276098901103,0.20587500000000006,-0.01663897907647907,-0.018590665314733218
190,J0_central,-2.7910288681372397,8.3775,34.70782622638362,0.47587499999999944,-0.011558647342509575,-0.022415114051917432
190,JN_north,-5.966137356927613,18.0775,18.90798080505637,1.5031250000000034,-0.010990248645786736,-0.006940659506828333
190,JS_south,-1.2224702073835998,3.09,5.184829625235875,0.31775,-0.0244749029565206,-0.027326698957989327
190,JW_west,-2.16520888645889,6.3875,25.92470912829002,0.4446250000000001,-0.011841703435453427,-0.01662278729830109
190,JE_east,-0.6435337159536891,1.46,4.594035450660452,0.14250000000000013,-0.017478951603951604,-0.026135831624455732
191,J0_central,-3.3476678831489455,10.065,32.05883795648368,0.6110000000000002,-0.014389360027227675,-0.019521202983617057
191,JN_north,-3.4982795183553703,10.0925,10.213755532113145,1.0693749999999997,-0.018748631153439714,-0.013597571266858899
191,JS_south,-1.3327396327396397,3.435,5.223710094482831,0.3677500000000002,-0.023013488704278173,-0.024034234581896956
191,JW_west,-2.3998100299959106,7.1475,31.444871010901316,0.476125,-0.010815310860879744,-0.014933627818526972
191,JE_east,-1.7641799186321585,5.02,7.471052451332638,0.3940000000000002,-0.015179923372551076,-0.017650790857473828
192,J0_central,-1.9223526797271107,5.5575,23.13202294233547,0.40912500000000046,-0.011957965645465642,-0.02072792397550444
192,JN_north,-7.241108716705689,22.2075,28.102758436302643,1.4853750000000014,-0.01533479423333164,-0.016328157124050724
192,JS_south,-1.2117924594463199,3.1775,6.402131882006888,0.34287499999999965,-0.017168227605727608,-0.022961445063375132
192,JW_west,-5.098284138506475,15.7175,42.683545668734325,0.9518749999999992,-0.009332548417550471,-0.013446482563895999
192,JE_east,-1.1985869198407106,3.1425,7.024503399378401,0.28562499999999963,-0.020403436840936845,-0.02210815217254869
193,J0_central,-2.137502988274031,6.23,21.232233213885802,0.44199999999999895,-0.012649310044530628,-0.019978754832131292
193,JN_north,-6.7894352378294265,20.52,21.130383091145188,1.647750000000003,-0.01664086284366878,-0.015303651761009049
193,JS_south,-0.8126375433031023,1.755,1.8675289024700794,0.282,-0.026417616492984148,-0.022075420374560957
193,JW_west,-1.8529668145215776,5.4075,18.686053189865685,0.4253750000000008,-0.009068606541807005,-0.016231330861740074
193,JE_east,-0.32098463282585316,0.585,0.560185162060162,0.111,-0.013270770895770896,-0.01026607912896866
194,J0_central,-3.1379907237703732,9.48,37.693070630758,0.5302500000000003,-0.01190434565434565,-0.02067379738509549
194,JN_north,-4.6541437152427685,13.8375,14.19097060972019,1.210375000000002,-0.017193297162185598,-0.015003019061574741
194,JS_south,-1.107149994906779,2.7875,8.270249819624832,0.2628749999999996,-0.022175775613275616,-0.02867496276585478
194,JW_west,-2.071474378323294,6.0925,36.513790268759045,0.42262500000000053,-0.011066558441558443,-0.018897697403404662
194,JE_east,-1.325239647679271,3.595,6.414897057599267,0.31099999999999994,-0.017657170239890822,-0.020672552585563938
195,J0_central,-3.4497259855306597,10.43,32.18451608555499,0.6312500000000004,-0.011580258492797195,-0.0176056927020739
195,JN_north,-3.401782253593259,9.81,8.725238048691544,1.0802500000000006,-0.01843215426065593,-0.009692982652192981
195,JS_south,-1.2496958467700683,3.1175,4.947648086831041,0.37112500000000004,-0.024803563685626376,-0.027965005678171777
195,JW_west,-2.020972920594743,5.9325,23.818535415768856,0.4518749999999998,-0.010364088729897554,-0.01533972997983003
195,JE_east,-1.369153285177061,3.65,4.9800677133324225,0.3324999999999998,-0.022876808648867458,-0.018429362473565473
196,J0_central,-2.176144505215468,6.5075,34.73926310495057,0.3986250000000001,-0.0074572510822510825,-0.018144513521458374
196,JN_north,-8.695037634108926,26.9375,30.90200460744129,1.7581250000000095,-0.01067072333464757,-0.009041007635594556
196,JS_south,-0.9529768715447863,2.39,4.624378558941058,0.2482499999999995,-0.01874173049173049,-0.026439358460816274
196,JW_west,-1.5283767409475493,4.39,15.089290064102556,0.3394999999999999,-0.011494769119769122,-0.018569196592101704
196,JE_east,-1.1941777651580021,3.1675,6.032200266032986,0.2746250000000003,-0.020556222576443166,-0.02192232505564284
197,J0_central,-3.349676714097409,10.1425,29.47074742781725,0.6086250000000011,-0.011834196097160491,-0.01777943770377796
197,JN_north,-7.6731224942900225,23.64,37.820688297450594,1.5307500000000007,-0.013509033729674555,-0.015341966723667505
197,JS_south,-1.0759587346502308,2.6775,6.9431318772279464,0.31162500000000004,-0.020208882416603,-0.027254215186448015
197,JW_west,-2.4026346527008577,7.1475,29.780046345080763,0.497875,-0.0109680482915777,-0.015256759524324561
197,JE_east,-0.42787195114482257,0.86,2.617399142524143,0.14450000000000002,-0.014532751970251966,-0.015094899549620636
198,J0_central,-3.534421051135232,10.7375,35.03574960886848,0.6276249999999993,-0.011391583444505271,-0.01947169417140427
198,JN_north,-6.793973875085007,20.6375,18.690188262222932,1.6188750000000005,-0.013271281571585008,-0.013960900169037352
198,JS_south,-0.6110567597756271,1.29,2.470381403318903,0.18975000000000034,-0.019011002886002885,-0.02464678922830078
198,JW_west,-1.6552533194464294,4.785,17.66238256188256,0.3812500000000006,-0.01101073232323232,-0.013770745470629423
198,JE_east,-0.48399830364275576,1.025,3.218328581141081,0.16224999999999995,-0.014671474358974363,-0.015841382479436453
199,J0_central,-2.4182241978657,7.255,37.245501286907555,0.4459999999999994,-0.01024991674991675,-0.01711287803560898
199,JN_north,-8.401014511815658,25.885,24.15770296787934,1.768500000000002,-0.011192620531760112,-0.014250787828512558
199,JS_south,-0.9912631793710355,2.5725,4.155345134075591,0.281875,-0.014809001047971636,-0.020202920315672394
199,JW_west,-1.8155470386777304,5.3125,19.18799199094894,0.4048749999999998,-0.010783324314574311,-0.01295904180251283
199,JE_east,-0.6950271940114532,1.8075,6.40866730042833,0.17212500000000003,-0.008112770195490787,-0.020038004767083062
